id,lat,lon
0,39.50942100000001,-119.79258200000001
1,39.50828,-119.792573
2,39.5166012,-119.72816810000002
3,39.5165518,-119.7246239
4,39.5226252,-119.78673410000002
5,39.52262160000001,-119.78792840000003
6,39.53666350000001,-119.79821260000001
7,39.53669589999999,-119.79877979999999
8,39.50029190253828,-119.80199999999999
9,39.5006125,-119.8008324
10,39.53448039999999,-119.7324513
11,39.53475550000001,-119.73320830000002
12,39.53582620000001,-119.72073710000002
13,39.53554290000001,-119.72106330000001
14,39.518793,-119.79272600000002
15,39.51737500000001,-119.792708
16,39.5367532,-119.77137560000001
17,39.536177800000004,-119.77130310000001
18,39.5435,-119.78350442742533
19,39.542185,-119.78396400000003
20,39.5259267,-119.76681090000002
21,39.525954,-119.77141420000002
22,39.5130279,-119.78069950000001
23,39.5130042,-119.78177610000003
24,39.5367917,-119.7752626
25,39.5374635,-119.77547250000003
26,39.5361504,-119.76545820000001
27,39.5361501,-119.7651166
28,39.53106900000001,-119.76936500000001
29,39.530898,-119.76774900000001
30,39.51713529999999,-119.77540890000002
31,39.5130603,-119.7754306
32,39.52765870000001,-119.7713913
33,39.5216399,-119.74796410000002
34,39.51917,-119.747937
35,39.539776,-119.76374800000002
36,39.540668000000004,-119.763741
37,39.5314712,-119.71911990000002
38,39.530387100000006,-119.72377080000001
39,39.51107499999999,-119.79707500000002
40,39.51044200000001,-119.79714000000001
41,39.517916199999995,-119.7783555
42,39.51754280000001,-119.7774863
43,39.541909,-119.72459000000002
44,39.541894000000006,-119.72671400000002
45,39.541925,-119.74147600000002
46,39.53890299999999,-119.741761
47,39.535723,-119.7704616
48,39.53588979999999,-119.770461
49,39.5294172,-119.76310050000001
50,39.52929900000001,-119.762054
51,39.52734000000001,-119.73639670000001
52,39.528726,-119.73630670000001
53,39.511171,-119.78854900000002
54,39.50846020000001,-119.7884766
55,39.53653553887655,-119.80199999999999
56,39.536487,-119.79907000000001
57,39.5340935,-119.7528096
58,39.5339734,-119.7528643
59,39.5316465,-119.73949060000001
60,39.5326468,-119.73902210000003
61,39.54188400000002,-119.72812500000002
62,39.54141,-119.728119
63,39.5257732,-119.78795480000001
64,39.52748879999999,-119.78805430000001
65,39.5057916,-119.80048100000002
66,39.5061502,-119.80048739999998
67,39.5372933,-119.798557
68,39.53608520000001,-119.7985072
69,39.5066137,-119.80041010000002
70,39.506408500000006,-119.8005646
71,39.53790920000001,-119.75933560000001
72,39.5370488,-119.7593454
73,39.539407,-119.77505
74,39.539521,-119.77511100000001
75,39.5397398,-119.7620026
76,39.538821600000006,-119.76202680000002
77,39.503318,-119.75389300000003
78,39.5003986,-119.75542600000001
79,39.541836999999994,-119.78492100000003
80,39.539634,-119.785401
81,39.52040900000001,-119.787567
82,39.5207549,-119.78916010000002
83,39.520207,-119.79371800000003
84,39.52020499999999,-119.79274400000001
85,39.5385385,-119.76199160000003
86,39.53880050000001,-119.76059740000002
87,39.5327766,-119.79926800000001
88,39.53175280000001,-119.7992648
89,39.510497,-119.75040300000002
90,39.509552,-119.74766
91,39.54186980000001,-119.7346366
92,39.5418018,-119.73377920000001
93,39.53359,-119.78399800000001
94,39.53379790000001,-119.78045550000002
95,39.5183363,-119.7984705
96,39.518319299999995,-119.80054510000002
97,39.5352459,-119.76540430000001
98,39.5352451,-119.76497360000002
99,39.54285800000001,-119.78045100000001
100,39.5435,-119.78045204841897
101,39.52735140000001,-119.71515160000001
102,39.5259868,-119.71503770000001
103,39.534145,-119.75250280000002
104,39.53404569999999,-119.753404
105,39.53489139999999,-119.75284960000002
106,39.5353497,-119.7528645
107,39.53667870000001,-119.77723490000001
108,39.5357873,-119.777001
109,39.5062869,-119.77978400000002
110,39.5093801,-119.77965480000002
111,39.539819,-119.75155100000003
112,39.538830999999995,-119.751564
113,39.52787250000001,-119.75833370000001
114,39.52551700000001,-119.75834350000001
115,39.538149,-119.73710599999998
116,39.538486,-119.73801600000003
117,39.5388798,-119.76018970000003
118,39.5388742,-119.75931920000001
119,39.5348885,-119.7519562
120,39.527567399999995,-119.788659
121,39.527562200000006,-119.78914960000002
122,39.5276335,-119.76988010000001
123,39.528651999999994,-119.769831
124,39.5358474,-119.74922800000003
125,39.5348136,-119.74923800000002
126,39.53397249999999,-119.72215100000001
127,39.5340402,-119.72214130000002
128,39.521337300000006,-119.71988330000002
129,39.5213598,-119.71513380000003
130,39.51771279999999,-119.74069030000001
131,39.51934700000001,-119.74027070000001
132,39.529758,-119.7663462
133,39.528772800000006,-119.76651310000001
134,39.503633,-119.74892240000001
135,39.50318120000001,-119.7484942
136,39.5323193,-119.7965796
137,39.5332863,-119.79657400000002
138,39.542359999999995,-119.72671900000002
139,39.542366,-119.72584400000001
140,39.520263099999994,-119.79845900000002
141,39.519324499999996,-119.79845800000001
142,39.5339116,-119.7876843
143,39.534209100000005,-119.78769550000001
144,39.53887,-119.7767084
145,39.538786300000005,-119.77740500000003
146,39.5255326,-119.7983732
147,39.525578100000004,-119.80058040000003
148,39.535774999999994,-119.746897
149,39.537037,-119.74688
150,39.5359123,-119.75942010000003
151,39.535917,-119.76063970000003
152,39.5418947,-119.71615030000002
153,39.5418969,-119.71544149999998
154,39.521295,-119.793584
155,39.521342000000004,-119.793691
156,39.52618819999999,-119.7919147
157,39.526205000000004,-119.790731
158,39.5389719,-119.7759667
159,39.5351399,-119.78079660000002
160,39.5328258,-119.76219550000002
161,39.5327981,-119.7620147
162,39.517363,-119.794661
163,39.514616,-119.794628
164,39.53353370000001,-119.79523330000004
165,39.5400443,-119.72464220000002
166,39.51258979999999,-119.74732170000001
167,39.513216299999996,-119.74895620000002
168,39.5287565,-119.7218862
169,39.528274100000004,-119.71882430000001
170,39.5430436,-119.76734820000003
171,39.5425806,-119.7654335
172,39.505864900000006,-119.78059930000002
173,39.505907400000005,-119.78039250000002
174,39.519205,-119.74630950000001
175,39.5397677,-119.76543270000002
176,39.539535,-119.75677
177,39.5392923,-119.75805090000001
178,39.51028900000001,-119.78991300000001
179,39.511114,-119.78991800000001
180,39.538871,-119.76375400000002
181,39.532273,-119.77131500000002
182,39.533256,-119.771314
183,39.5339332,-119.7530158
184,39.5339875,-119.75298410000002
185,39.51027200000001,-119.79360799999999
186,39.539739,-119.78640600000001
187,39.52808149999999,-119.7398171
188,39.52754130000001,-119.73981050000003
189,39.5264803,-119.79836280000002
190,39.5264724,-119.80058770000002
191,39.536614400000005,-119.79821700000001
192,39.53662859999999,-119.79878340000002
193,39.5317423,-119.76629559999999
194,39.531877000000016,-119.76757700000002
195,39.54067400000001,-119.76543210000001
196,39.5415758,-119.7654179
197,39.5344994,-119.7758336
198,39.5346035,-119.7764
199,39.53578400000001,-119.74807700000001
200,39.534803700000005,-119.7480954
201,39.51736900000001,-119.793686
202,39.509403,-119.79653300000001
203,39.50826200000001,-119.79652600000001
204,39.51273330000001,-119.7812796
205,39.5095187,-119.78074510000002
206,39.524669300000006,-119.7833377
207,39.5260284,-119.78278160000002
208,39.51735270000001,-119.7984764
209,39.51735200000001,-119.79749900000002
210,39.539026,-119.775192
211,39.539301,-119.77306200000002
212,39.529920000000004,-119.76792900000001
213,39.528941,-119.76809900000002
214,39.5235442,-119.76797960000002
215,39.5235451,-119.76860760000001
216,39.528419,-119.74336500000001
217,39.527463600000004,-119.74340380000001
218,39.5001,-119.72788323452743
219,39.504475299999996,-119.72337400000002
220,39.527533,-119.708436
221,39.5281807,-119.7147516
222,39.533097399999996,-119.7570582
223,39.533469,-119.7570535
224,39.50749019999999,-119.7908072
225,39.509429999999995,-119.79081000000001
226,39.5008447,-119.75810360000003
227,39.541996,-119.74825100000001
228,39.54122219999999,-119.74803640000002
229,39.54077610000001,-119.7503641
230,39.53981,-119.750372
231,39.5400414,-119.79861
232,39.539236700000004,-119.79859860000002
233,39.539429,-119.78946500000002
234,39.539446,-119.78860100000001
235,39.5286228,-119.79353759999998
236,39.5285736,-119.79353640000001
237,39.5222654,-119.80056660000001
238,39.522253,-119.80184300000002
239,39.53065809999999,-119.7882755
240,39.529464699999984,-119.78910750000003
241,39.523829400000004,-119.7952416
242,39.52383950000001,-119.79832420000001
243,39.51406600000001,-119.78563350000003
244,39.514508899999996,-119.7856321
245,39.52746760000001,-119.78613980000002
246,39.5285242,-119.78625450000001
247,39.5427711,-119.76198250000002
248,39.54220020000001,-119.76198250000002
249,39.53450099999999,-119.75190700000002
250,39.53445750000001,-119.75228790000003
251,39.52294930000001,-119.77039360000002
252,39.5217375,-119.71239890000001
253,39.52190290000001,-119.71203240000003
254,39.5187059,-119.73694689999999
255,39.518787399999994,-119.73884070000001
256,39.5236667,-119.7838142
257,39.5208505,-119.78399270000003
258,39.5171417,-119.71072200000002
259,39.5210854,-119.71181500000002
260,39.506633599999994,-119.80004110000002
261,39.53320930000001,-119.74339170000002
262,39.5319567,-119.74338160000003
263,39.53364450000001,-119.75274510000001
264,39.5339104,-119.75278520000002
265,39.543305,-119.763499
266,39.543307000000006,-119.76291200000001
267,39.52776740000001,-119.78376459999998
268,39.530739600000004,-119.78519550000003
269,39.52154530000001,-119.78799550000001
270,39.53980500000001,-119.77039400000001
271,39.539798,-119.76874600000001
272,39.5377638,-119.77838550000003
273,39.53770879999999,-119.77958049999998
274,39.5347963,-119.75366519999999
275,39.5347996,-119.7534849
276,39.52335239999999,-119.7691729
277,39.5234151,-119.76684630000003
278,39.52369120000001,-119.73868330000003
279,39.52357510000001,-119.73387440000002
280,39.517395500000006,-119.78918610000001
281,39.517986,-119.7891774
282,39.534193,-119.78775700000001
283,39.5354691,-119.7878774
284,39.540690000000005,-119.76874000000001
285,39.53401,-119.7869065
286,39.53383360000001,-119.79075070000003
287,39.540278,-119.775482
288,39.5343359,-119.7530336
289,39.5340372,-119.75302930000002
290,39.5360849,-119.79903940000001
291,39.53608539999999,-119.7994284
292,39.543151,-119.728342
293,39.543156,-119.727689
294,39.53674300000001,-119.73243599999999
295,39.5371291,-119.72676970000002
296,39.53527069999999,-119.7729503
297,39.535271800000004,-119.77339990000002
298,39.5358848,-119.7542459
299,39.53540350000001,-119.754252
300,39.5330163,-119.79793130000002
301,39.534705300000006,-119.79847140000001
302,39.50092430000001,-119.79628010000002
303,39.50064849999999,-119.80069010000001
304,39.528638,-119.77131960000001
305,39.50160300000001,-119.71426600000001
306,39.501626,-119.71339800000001
307,39.53784300000001,-119.75157700000001
308,39.536855,-119.75159000000001
309,39.540033,-119.79692700000001
310,39.539238,-119.79692299999999
311,39.5330237,-119.73896820000002
312,39.5329553,-119.73880200000004
313,39.530773,-119.78557070000001
314,39.530303999999994,-119.785109
315,39.5183,-119.80183100000002
316,39.519289,-119.801834
317,39.54307959999999,-119.76774779999998
318,39.516328,-119.801828
319,39.517311,-119.80183600000001
320,39.52578220000001,-119.7867484
321,39.527460600000005,-119.7867616
322,39.5001,-119.71432848337032
323,39.50070000000001,-119.71424600000003
324,39.51718400000001,-119.77342480000002
325,39.5173013,-119.7726917
326,39.537804,-119.792251
327,39.538581,-119.79231
328,39.51306,-119.77404200000001
329,39.5115631,-119.77404310000001
330,39.538268,-119.728081
331,39.538618,-119.72808599999999
332,39.5347629,-119.77611900000001
333,39.534959,-119.77684570000001
334,39.5281387,-119.79241150000001
335,39.5279891,-119.79297220000002
336,39.514926,-119.786582
337,39.514935,-119.78562700000002
338,39.5398304,-119.75281550000001
339,39.503352,-119.71562500000002
340,39.501559,-119.715829
341,39.5333808,-119.76601030000002
342,39.5333139,-119.76540960000001
343,39.50591850000001,-119.7903752
344,39.5059108,-119.7911684
345,39.5378986,-119.7580595
346,39.5292101,-119.79827200000001
347,39.52834790000001,-119.79833949999998
348,39.52843750000001,-119.76327350000001
349,39.52745240000001,-119.78224030000003
350,39.5273451,-119.72213230000001
351,39.52726150000001,-119.73097069999999
352,39.53849999999999,-119.79517900000002
353,39.53849600000001,-119.79692000000001
354,39.531475199999996,-119.7869582
355,39.5313117,-119.7873311
356,39.52373819999999,-119.7941194
357,39.524195199999994,-119.79534910000001
358,39.52006540000001,-119.78400940000002
359,39.53449220000001,-119.77652830000001
360,39.53434360000001,-119.77581440000002
361,39.536085500000006,-119.79950620000001
362,39.54217,-119.75372800000001
363,39.54179800000001,-119.753608
364,39.534347,-119.76880380000001
365,39.5343447,-119.76714180000003
366,39.501182,-119.71827900000002
367,39.500528,-119.71854200000001
368,39.5346145,-119.74229070000001
369,39.534541,-119.74618600000001
370,39.5410998,-119.75940760000002
371,39.54017110000001,-119.75910580000001
372,39.521712099999995,-119.74219510000003
373,39.5214164,-119.7402545
374,39.53882200000001,-119.75038500000001
375,39.52387280000001,-119.79493690000001
376,39.5282378,-119.78811760000002
377,39.53403039999999,-119.76526770000001
378,39.53403290000001,-119.7658178
379,39.5278633,-119.75753850000001
380,39.5277855,-119.75661410000002
381,39.53204800000001,-119.76919200000002
382,39.5358388,-119.74807600000001
383,39.54186599999999,-119.73058000000002
384,39.541855000000005,-119.73212100000002
385,39.5106083,-119.77886630000002
386,39.509468,-119.77890110000001
387,39.50698040000001,-119.78903890000002
388,39.5085593,-119.7891771
389,39.5332762,-119.79927979999998
390,39.535865099999995,-119.75160400000001
391,39.5085005,-119.7757368
392,39.5094742,-119.77787120000004
393,39.51749430000001,-119.7773466
394,39.517363800000005,-119.77671150000002
395,39.520202,-119.796319
396,39.520202,-119.79749900000002
397,39.53435329999999,-119.7638044
398,39.5352428,-119.76378770000001
399,39.521598,-119.7510314
400,39.5398067,-119.74803310000001
401,39.521573100000005,-119.7402335
402,39.5298434,-119.75659340000001
403,39.53001640000001,-119.7593551
404,39.505661100000005,-119.74773650000003
405,39.51146419999999,-119.74439500000001
406,39.5378911,-119.7567838
407,39.5214565,-119.73794010000003
408,39.5213651,-119.73858160000003
409,39.54323151546391,-119.7065
410,39.543085999999995,-119.70673800000002
411,39.519109,-119.75400300000001
412,39.5390489,-119.75931590000003
413,39.52790100000001,-119.7592512
414,39.538740000000004,-119.74138100000002
415,39.537834,-119.75039800000003
416,39.53782499999999,-119.74920200000001
417,39.54258620000001,-119.76516240000001
418,39.5435,-119.7641210553395
419,39.5419103,-119.74418950000002
420,39.543066,-119.74423300000001
421,39.5377885,-119.7778491
422,39.537766999999995,-119.73623499999998
423,39.5346681,-119.79522810000002
424,39.534688900000006,-119.79659440000002
425,39.513475400000004,-119.74963590000002
426,39.5137183,-119.75046630000001
427,39.54189619999999,-119.71527250000001
428,39.5420295,-119.7152721
429,39.50565569999999,-119.80048100000002
430,39.53880300000001,-119.74803700000001
431,39.53923300000001,-119.74439000000001
432,39.542441,-119.71935600000003
433,39.542438,-119.71977100000002
434,39.525534199999996,-119.74796180000001
435,39.505877700000006,-119.79616370000001
436,39.506882,-119.79585
437,39.5366431,-119.7679036
438,39.536642199999996,-119.76766840000002
439,39.54270699999999,-119.78954100000003
440,39.54193800000001,-119.78949499999999
441,39.535176,-119.72674000000002
442,39.53492500000001,-119.72451100000004
443,39.52755,-119.75395110000001
444,39.52549,-119.75396690000002
445,39.520246,-119.78463900000003
446,39.520651,-119.7857226
447,39.539522,-119.784548
448,39.529578,-119.76469300000001
449,39.519639,-119.758616
450,39.520013,-119.758614
451,39.543499999999995,-119.72673235068316
452,39.5008918,-119.79335420000001
453,39.5001,-119.79340315581128
454,39.5388908,-119.7704015
455,39.5418891,-119.7368505
456,39.54187770000001,-119.73531170000003
457,39.512984200000005,-119.78580860000001
458,39.5160346,-119.76179580000002
459,39.51626470000001,-119.76243390000002
460,39.53479200000001,-119.74690270000004
461,39.535753799999995,-119.78816060000001
462,39.53534339999999,-119.78814350000003
463,39.50318019999999,-119.74814470000001
464,39.5366288,-119.76712040000001
465,39.5369233,-119.7594002
466,39.51176499999999,-119.77744100000001
467,39.511306,-119.77744300000002
468,39.52694919999999,-119.7395374
469,39.527371900000006,-119.73919520000003
470,39.532964,-119.7870458
471,39.5341677,-119.78750930000002
472,39.539156,-119.74246200000002
473,39.53479420000001,-119.7671363
474,39.51295,-119.79065100000001
475,39.511932,-119.79077700000002
476,39.5347983,-119.76880080000001
477,39.538070000000005,-119.77960970000002
478,39.5385916,-119.77964800000001
479,39.510257,-119.75750200000003
480,39.510773,-119.75916700000002
481,39.509417,-119.79360599999998
482,39.543263999999986,-119.71936600000002
483,39.51060929999999,-119.7797152
484,39.511723999999994,-119.79707600000002
485,39.51168280000001,-119.7982207
486,39.5345259,-119.74078390000001
487,39.536196,-119.73662360000003
488,39.5282511,-119.79241370000001
489,39.514621,-119.79372200000002
490,39.514621,-119.79365400000003
491,39.53683960000001,-119.78786890000002
492,39.5376063,-119.78786630000003
493,39.54069700000001,-119.77038799999998
494,39.5416026,-119.7704042
495,39.53127719999999,-119.79774269999999
496,39.5309726,-119.797657
497,39.5127976,-119.74355370000002
498,39.51285250000001,-119.743688
499,39.5178888,-119.7613036
500,39.5187929,-119.76136480000001
501,39.541927400000006,-119.7337747
502,39.54074500000001,-119.77189200000001
503,39.541028000000004,-119.77189500000001
504,39.53439099999999,-119.74549180000002
505,39.5333685,-119.73899810000002
506,39.535283500000006,-119.7782703
507,39.5339663,-119.7524685
508,39.534428,-119.74726300000002
509,39.53980099999999,-119.74917600000003
510,39.5064524,-119.7801926
511,39.5099628,-119.7802127
512,39.52170569999999,-119.74332180000002
513,39.5129758,-119.78919220000002
514,39.512975100000006,-119.78774520000002
515,39.5390676,-119.78641950000001
516,39.53886109999999,-119.7847185
517,39.5418827,-119.74447510000002
518,39.5417982,-119.74502750000002
519,39.527452499999995,-119.79388650000001
520,39.5291057,-119.79404530000001
521,39.527570700000005,-119.7795373
522,39.52759420000001,-119.77887140000001
523,39.5356343,-119.7790257
524,39.5370972,-119.78263910000001
525,39.52119,-119.790276
526,39.52118380000001,-119.78917590000003
527,39.5330005,-119.75250470000002
528,39.5330928,-119.7526816
529,39.5155255,-119.7617579
530,39.515870199999995,-119.7616791
531,39.5435,-119.73076902702702
532,39.539861,-119.781155
533,39.540172,-119.78440500000002
534,39.538538100000004,-119.78071280000003
535,39.53856390000001,-119.78017170000001
536,39.5353018,-119.78011430000002
537,39.5199689,-119.7832668
538,39.522311000000016,-119.78351600000002
539,39.542990999999994,-119.70778000000001
540,39.543244,-119.70871400000001
541,39.53551370000001,-119.76378680000002
542,39.522951,-119.80184500000003
543,39.5352435,-119.7641743
544,39.502416,-119.71692000000002
545,39.541932,-119.74236200000001
546,39.5213808,-119.72624440000001
547,39.5213931,-119.72463420000001
548,39.53570710000001,-119.77500530000002
549,39.53615099999999,-119.77453900000002
550,39.53751,-119.76537660000001
551,39.5379038,-119.76537340000002
552,39.5213248,-119.72215250000004
553,39.5288566,-119.77390180000002
554,39.5290607,-119.77328970000002
555,39.51738100000001,-119.79175900000001
556,39.52745110000001,-119.78240910000001
557,39.52655790000001,-119.7826159
558,39.52738209999999,-119.79835890000001
559,39.53614879999999,-119.76492039999998
560,39.5327045,-119.76610030000002
561,39.53284299999999,-119.76740700000003
562,39.541939,-119.743153
563,39.54194,-119.74326600000002
564,39.52724799999999,-119.7338847
565,39.5418803,-119.72239780000001
566,39.53693119999999,-119.7226843
567,39.514526399999994,-119.78364060000001
568,39.503747999999995,-119.79115300000001
569,39.5037313,-119.7891963
570,39.535509600000005,-119.72015940000001
571,39.535791800000005,-119.720236
572,39.5079895,-119.78584130000002
573,39.509418399999994,-119.7858574
574,39.5037997,-119.7961511
575,39.521586000000006,-119.75399670000002
576,39.5370673,-119.76711739999999
577,39.529025,-119.743371
578,39.52741880000001,-119.74839990000002
579,39.51845229999999,-119.77981750000001
580,39.5183395,-119.77950550000003
581,39.50216120000002,-119.74979240000002
582,39.54195500000001,-119.70719590000002
583,39.54184750000001,-119.70719440000002
584,39.5305749,-119.73255219999999
585,39.52126500000001,-119.80184000000003
586,39.52128220000001,-119.80055970000001
587,39.5388379,-119.7528357
588,39.50285319999999,-119.78581850000002
589,39.502850499999994,-119.78702940000001
590,39.519332,-119.79468200000002
591,39.519345,-119.79370799999998
592,39.5378806,-119.75550740000001
593,39.53886120000001,-119.7554951
594,39.532313,-119.71379100000001
595,39.533516,-119.71372500000001
596,39.5435,-119.73378904592911
597,39.5429745,-119.7337831
598,39.5074947,-119.78923300000002
599,39.536140200000006,-119.76336470000001
600,39.5361416,-119.76379140000003
601,39.542297,-119.78482100000001
602,39.5340684,-119.75294000000001
603,39.5057796,-119.79350290000002
604,39.5058909,-119.79350300000002
605,39.536157100000004,-119.76712610000001
606,39.5358563,-119.750425
607,39.536846,-119.75041200000001
608,39.5397968,-119.77146100000003
609,39.5372491,-119.7687841
610,39.5375704,-119.76711150000003
611,39.5337454,-119.7166159
612,39.53374640000001,-119.71651550000001
613,39.512769999999996,-119.780714
614,39.526358300000005,-119.7830655
615,39.5265499,-119.7834737
616,39.529213999999996,-119.74337199999998
617,39.540821,-119.78426300000001
618,39.5317468,-119.71887990000003
619,39.5317243,-119.71877900000001
620,39.5429967,-119.77147709999998
621,39.54274019999998,-119.77148240000001
622,39.541874,-119.79673
623,39.5418541,-119.79861900000002
624,39.5208726,-119.7401252
625,39.5213916,-119.7395206
626,39.54200670000001,-119.71296899999999
627,39.54202420000001,-119.71474210000001
628,39.52743430000001,-119.7150252
629,39.5277716,-119.71487680000001
630,39.50593009999999,-119.78903150000001
631,39.5059297,-119.7892218
632,39.54207100000001,-119.781512
633,39.541647,-119.78408200000001
634,39.523355599999995,-119.72215929999999
635,39.505943900000005,-119.78582969999998
636,39.505926,-119.78725890000001
637,39.54306809999999,-119.75269910000002
638,39.5423523,-119.7527149
639,39.520201,-119.79076500000001
640,39.517386,-119.79078900000002
641,39.524777199999996,-119.78674850000002
642,39.53688429999999,-119.75424360000001
643,39.536870400000005,-119.7530019
644,39.5354254,-119.77540620000003
645,39.5350783,-119.77536539999998
646,39.5426016,-119.76710650000003
647,39.52373339999999,-119.73978909999998
648,39.53453100000001,-119.75690600000001
649,39.5286849,-119.73850769999999
650,39.527421,-119.738545
651,39.537866900000004,-119.7542271
652,39.5378567,-119.75298950000001
653,39.51626470000001,-119.76256290000002
654,39.5161451,-119.76239390000003
655,39.533257500000005,-119.7517728
656,39.5333969,-119.75157520000002
657,39.5361443,-119.7642163
658,39.512936,-119.793613
659,39.519621,-119.785391
660,39.51705400000001,-119.78311400000003
661,39.517357000000004,-119.79561700000001
662,39.5243544,-119.79584190000003
663,39.537047,-119.74806
664,39.53682700000001,-119.748063
665,39.509434,-119.789907
666,39.53091810000001,-119.78775030000001
667,39.53129100000001,-119.78708429999999
668,39.51292699999999,-119.795571
669,39.512929,-119.79525
670,39.5372918,-119.8007802
671,39.53738950000001,-119.80169040000001
672,39.53851409999999,-119.8007829
673,39.538503000000006,-119.793885
674,39.539245,-119.79388900000001
675,39.54021,-119.774934
676,39.540208,-119.775476
677,39.506664,-119.77753100000001
678,39.50240099999999,-119.77899900000001
679,39.542334000000004,-119.76873100000003
680,39.542333000000006,-119.76818200000002
681,39.50157999999999,-119.780301
682,39.500864,-119.778899
683,39.5338754,-119.75290049999998
684,39.5018754,-119.7912428
685,39.5008641,-119.79125140000001
686,39.5416088,-119.77147979999998
687,39.5420949,-119.77148510000002
688,39.53469948382353,-119.80200000000002
689,39.53470119999999,-119.80069970000001
690,39.543405099999994,-119.71514050000002
691,39.543499999999995,-119.71509838958231
692,39.513971999999995,-119.79846400000001
693,39.514610000000005,-119.79655900000002
694,39.5435,-119.76872680142857
695,39.542987000000004,-119.76872900000002
696,39.5059564,-119.78053689999999
697,39.5059589,-119.78084130000002
698,39.500099999999996,-119.74936345188027
699,39.500220299999995,-119.7493633
700,39.542687,-119.75622600000003
701,39.542347,-119.758003
702,39.52744750000001,-119.7527518
703,39.52929099999999,-119.7527694
704,39.504926,-119.75660900000001
705,39.506004,-119.76007100000001
706,39.542941,-119.74537500000001
707,39.501806800000004,-119.78130820000001
708,39.53684019999999,-119.7884907
709,39.5352571,-119.76880050000001
710,39.5353897,-119.78804050000001
711,39.534398,-119.78794900000001
712,39.539156,-119.737731
713,39.515701500000006,-119.78222410000002
714,39.51325709999999,-119.78141710000001
715,39.5087034,-119.78677740000002
716,39.51118770000001,-119.7867761
717,39.5291506,-119.7512433
718,39.53073980000001,-119.76617640000002
719,39.51087710000001,-119.74491620000002
720,39.50896600000001,-119.74604840000002
721,39.53286799999999,-119.75505800000003
722,39.53286779999999,-119.75553140000001
723,39.5057518,-119.79820600000001
724,39.5058644,-119.79820649999999
725,39.528155000000005,-119.76671300000001
726,39.5276726,-119.76759430000003
727,39.5274058,-119.7495772
728,39.5274087,-119.74920970000002
729,39.52322900000001,-119.7582703
730,39.54192700000001,-119.79034600000003
731,39.52829570000001,-119.76665930000001
732,39.508275,-119.793603
733,39.5344737,-119.74047610000001
734,39.52692819999999,-119.76665389999998
735,39.52755290000001,-119.76663040000001
736,39.5360449,-119.77507950000003
737,39.5359476,-119.7756463
738,39.5435,-119.75689173333335
739,39.5389645,-119.78694689999999
740,39.5392219,-119.7872594
741,39.5343455,-119.73253180000002
742,39.5343032,-119.7324116
743,39.540661300000004,-119.7620026
744,39.539407,-119.79389000000002
745,39.539425,-119.791195
746,39.5302029,-119.77292290000001
747,39.5302269,-119.77741900000001
748,39.5379257,-119.7619621
749,39.537920199999995,-119.7606158
750,39.501011,-119.74994630000002
751,39.50163559999999,-119.7492493
752,39.54236800000001,-119.72825800000001
753,39.511466500000004,-119.7445673
754,39.5253369,-119.73862250000002
755,39.538607000000006,-119.73246100000001
756,39.538616,-119.72899000000001
757,39.5193054,-119.80055240000002
758,39.53481,-119.77813600000002
759,39.53443240000001,-119.7766343
760,39.5216649,-119.7125355
761,39.5262166,-119.7892045
762,39.52576270000001,-119.7891966
763,39.537307000000006,-119.7244577
764,39.53726150000001,-119.72676970000002
765,39.5347897,-119.76050510000002
766,39.5214936,-119.71304480000002
767,39.52798049999999,-119.7935226
768,39.5384796,-119.77581780000001
769,39.505635,-119.78058300000002
770,39.501149,-119.782971
771,39.5235792,-119.78673540000001
772,39.536836,-119.749215
773,39.50129400000001,-119.71973300000002
774,39.5277302,-119.79296700000003
775,39.5002039,-119.75048280000001
776,39.5002096,-119.75009090000002
777,39.5202006,-119.78917390000002
778,39.52798270000001,-119.75833330000002
779,39.5352795,-119.77358500000001
780,39.5354369,-119.77497479999998
781,39.543401,-119.78967200000001
782,39.534403299999994,-119.73231620000003
783,39.534746999999996,-119.73216300000001
784,39.53022210000001,-119.77825130000001
785,39.5328524,-119.75967739999999
786,39.5328632,-119.75770080000001
787,39.5058093,-119.78903150000001
788,39.50580709999999,-119.78791830000002
789,39.54158809999999,-119.7687439
790,39.541574999999995,-119.76706700000001
791,39.54202209999999,-119.71640239999999
792,39.542010899999994,-119.7182587
793,39.542987000000004,-119.707155
794,39.5276335,-119.76936180000001
795,39.53054270000001,-119.7398004
796,39.52984969999999,-119.73979220000002
797,39.519939300000004,-119.7839904
798,39.51955890000001,-119.782958
799,39.542025,-119.76289200000002
800,39.542226,-119.762901
801,39.5357841,-119.77622510000002
802,39.53588330000001,-119.77580250000001
803,39.541771000000004,-119.749431
804,39.541546,-119.750612
805,39.53277930000001,-119.75391210000001
806,39.5327102,-119.7532623
807,39.542087,-119.77520600000001
808,39.54303500000001,-119.75070900000001
809,39.543015000000004,-119.749525
810,39.50944320000001,-119.78194410000003
811,39.50943,-119.782561
812,39.5403909,-119.78640229999999
813,39.5411604,-119.786398
814,39.5277367,-119.79240380000002
815,39.5277391,-119.7921873
816,39.504823,-119.791157
817,39.50483440000001,-119.78920730000002
818,39.5356476,-119.7984998
819,39.5356653,-119.79520010000003
820,39.5349216,-119.73736570000001
821,39.5355102,-119.73692670000003
822,39.53724139999999,-119.77834800000001
823,39.542136,-119.783975
824,39.52293110000001,-119.7920189
825,39.5361701,-119.77046210000002
826,39.53692999999999,-119.77045870000002
827,39.5419074,-119.71825820000001
828,39.540471000000004,-119.71880700000003
829,39.52557413887776,-119.80200000000002
830,39.503357,-119.71659200000002
831,39.527807,-119.71520480000001
832,39.5129832,-119.71240069999999
833,39.5238155,-119.8005815
834,39.534264099999994,-119.75000570000002
835,39.527423000000006,-119.74796630000003
836,39.52708870000001,-119.78373510000002
837,39.5218608,-119.77872800000002
838,39.5220287,-119.7765016
839,39.504067000000006,-119.780804
840,39.50545489999999,-119.7802907
841,39.52755429999999,-119.74048570000001
842,39.527556000000004,-119.76678200000003
843,39.5271868,-119.76679070000002
844,39.5435,-119.77146602469382
845,39.5303948,-119.76293420000003
846,39.53037080000001,-119.76122880000001
847,39.5433383,-119.75269320000001
848,39.527401,-119.7417471
849,39.5273971,-119.74083840000003
850,39.53320920000001,-119.7440793
851,39.5332244,-119.74747400000003
852,39.539828500000006,-119.75295679999999
853,39.538843,-119.75297710000002
854,39.5426699,-119.7154389
855,39.54202670000001,-119.71544300000001
856,39.5391624,-119.78781660000001
857,39.539579999999994,-119.78787039999999
858,39.539263,-119.774515
859,39.53888069999999,-119.75804450000003
860,39.52784379999999,-119.75978270000002
861,39.529149400000016,-119.7597916
862,39.50204,-119.80145210000002
863,39.50146460000001,-119.80116520000003
864,39.52154409999999,-119.73950700000002
865,39.521982,-119.74001230000002
866,39.5247815,-119.7860212
867,39.5285581,-119.78471550000002
868,39.52855220000001,-119.78518810000001
869,39.5163275166753,-119.80200000000002
870,39.53252040000002,-119.80061270000002
871,39.523802499999995,-119.79477490000001
872,39.52027700000001,-119.80183700000002
873,39.5202893,-119.80055220000001
874,39.5085637,-119.7876049
875,39.5247165,-119.76675590000004
876,39.52431299999999,-119.76683670000003
877,39.52225270850353,-119.80199999999999
878,39.5372935,-119.79951960000002
879,39.533395,-119.71116499999998
880,39.529418699999994,-119.71117700000003
881,39.533282,-119.74888940000001
882,39.5158611,-119.78563750000002
883,39.51705900000001,-119.78562599999998
884,39.53380370000001,-119.71914580000002
885,39.5337257,-119.71918070000001
886,39.5121198,-119.7441489
887,39.511569200000004,-119.7445028
888,39.542925,-119.76290800000001
889,39.54285200000001,-119.762379
890,39.50214,-119.779072
891,39.501876,-119.77728600000002
892,39.5339398,-119.76029620000003
893,39.53469040000001,-119.76045440000001
894,39.5224179,-119.7108905
895,39.5225986,-119.70988610000002
896,39.5370616,-119.76544829999999
897,39.5074973,-119.78991260000002
898,39.523438500000005,-119.76450480000001
899,39.52139700000001,-119.76452100000002
900,39.53056930000001,-119.7975934
901,39.53019329999999,-119.77133400000001
902,39.5369197,-119.756774
903,39.50636700000001,-119.7875043
904,39.53449040000001,-119.75271049999999
905,39.54329499999999,-119.79487100000003
906,39.5158704,-119.7826938
907,39.535756,-119.74455700000001
908,39.535766,-119.745727
909,39.527555,-119.7844424
910,39.527539700000005,-119.78480040000002
911,39.539109,-119.79012
912,39.53860900000001,-119.79013800000001
913,39.5201802,-119.72211970000002
914,39.5030808,-119.78238040000002
915,39.52020799999999,-119.79380699999999
916,39.539242,-119.79518200000001
917,39.50729830000001,-119.78584000000002
918,39.5072176,-119.78731920000001
919,39.505946,-119.77751900000001
920,39.505924,-119.77808780000001
921,39.5398379,-119.754205
922,39.538851199999996,-119.7542167
923,39.5435,-119.73802696226416
924,39.543458,-119.737939
925,39.53415679999999,-119.72093009999999
926,39.5341705,-119.72118670000003
927,39.537166299999996,-119.7244577
928,39.5368353,-119.72285910000001
929,39.5424217,-119.71527100000002
930,39.543247,-119.798622
931,39.5435,-119.798622
932,39.51052909999999,-119.8005363
933,39.511672,-119.8005433
934,39.5011636,-119.75037540000001
935,39.543308,-119.76244200000002
936,39.53858699999999,-119.79154800000002
937,39.5351978,-119.76214060000001
938,39.535091699999995,-119.7621421
939,39.54191269999999,-119.7603571
940,39.5421867,-119.75886039999999
941,39.5041652,-119.74814180000001
942,39.5038461,-119.74814690000001
943,39.536828,-119.74335900000001
944,39.53574700000001,-119.74338200000003
945,39.5214094,-119.71211690000001
946,39.5421075,-119.78784000000002
947,39.5435,-119.787844
948,39.53590950000001,-119.7824297
949,39.5360738,-119.78156580000002
950,39.5360877,-119.8012067
951,39.53607157142858,-119.80200000000002
952,39.505915,-119.7808491
953,39.53590400000001,-119.75803890000002
954,39.53178359999999,-119.79785630000002
955,39.53853190000001,-119.78115070000001
956,39.538539500000006,-119.78229320000001
957,39.537879399999994,-119.7655104
958,39.508277,-119.79306700000002
959,39.5218918,-119.7891703
960,39.53648290000001,-119.79880500000002
961,39.517121200000005,-119.74096510000001
962,39.53470329999999,-119.7994919
963,39.5335619,-119.738582
964,39.5331916,-119.73885250000001
965,39.54251,-119.713075
966,39.5435,-119.71322262068968
967,39.540519,-119.78116699999998
968,39.5276814,-119.76829320000002
969,39.5158289,-119.76126730000003
970,39.515980600000006,-119.76165590000002
971,39.5359228,-119.76539159999999
972,39.5281807,-119.77304130000002
973,39.528660300000006,-119.77162210000003
974,39.538897,-119.77144490000002
975,39.5274607,-119.7424927
976,39.527462,-119.74282980000001
977,39.538307,-119.74153700000001
978,39.53862490000001,-119.7790324
979,39.5343251,-119.7535121
980,39.5342502,-119.75391980000002
981,39.5348043,-119.751621
982,39.534876099999984,-119.7516188
983,39.540032200000006,-119.7445006
984,39.53537299999999,-119.785251
985,39.535014000000004,-119.78692900000003
986,39.53506230000001,-119.73417950000001
987,39.5351544,-119.7341124
988,39.52754397548725,-119.7065
989,39.52826100000001,-119.71078500000002
990,39.5361432,-119.77510170000001
991,39.53637899999999,-119.77516070000001
992,39.5358746,-119.75287610000001
993,39.534592100000005,-119.75688870000003
994,39.5337879,-119.7568378
995,39.5336316,-119.75435710000001
996,39.541922,-119.791216
997,39.54189000000001,-119.79519800000003
998,39.5259229,-119.76666920000001
999,39.5001,-119.78317790009666
1000,39.500209299999995,-119.7831425
1001,39.5194645,-119.7838583
1002,39.5354731,-119.7349501
1003,39.5361261,-119.73646740000002
1004,39.541068,-119.77371100000002
1005,39.541509999999995,-119.773712
1006,39.53920200000001,-119.781143
1007,39.5385120264557,-119.80200000000002
1008,39.5352652,-119.77132370000001
1009,39.534444,-119.726639
1010,39.535892000000004,-119.75680570000003
1011,39.5358943,-119.7555162
1012,39.5388767,-119.76543879999998
1013,39.54223000000001,-119.762372
1014,39.50875800000001,-119.751302
1015,39.505534,-119.75161600000001
1016,39.51385909999999,-119.8005496
1017,39.51388850000001,-119.798432
1018,39.542024000000005,-119.76373200000003
1019,39.54156,-119.76373500000001
1020,39.5419051,-119.71297199999998
1021,39.511095,-119.79360800000002
1022,39.5400226,-119.7542074
1023,39.5008455,-119.7858049
1024,39.5020075,-119.78581769999998
1025,39.51052187627526,-119.80200000000002
1026,39.509425,-119.79169600000002
1027,39.5354077,-119.77865630000001
1028,39.535515200000006,-119.77794920000001
1029,39.53524850000001,-119.76592230000003
1030,39.53524719999999,-119.76553430000003
1031,39.53346419999999,-119.75295490000002
1032,39.53329870000001,-119.7529119
1033,39.53636749999999,-119.773404
1034,39.5028677,-119.78912180000002
1035,39.50331450000001,-119.789052
1036,39.5379724,-119.76877880000002
1037,39.53653810000001,-119.7917797
1038,39.536967,-119.78749899999998
1039,39.5105403,-119.79822630000001
1040,39.539124000000015,-119.70682800000002
1041,39.539013833938064,-119.7065
1042,39.53388160000001,-119.75175760000002
1043,39.5057651,-119.79616250000001
1044,39.50577839999999,-119.79367240000003
1045,39.535658600000005,-119.77577120000002
1046,39.541512,-119.77246500000001
1047,39.541511,-119.773085
1048,39.5343029,-119.76540090000002
1049,39.53430610000001,-119.7655691
1050,39.5356028,-119.77819130000002
1051,39.53922200000001,-119.743313
1052,39.5148243,-119.80054710000003
1053,39.5153551,-119.8005465
1054,39.5327755,-119.75268370000002
1055,39.532991900000006,-119.7521565
1056,39.53400920000001,-119.74114010000001
1057,39.51759469999999,-119.77747180000001
1058,39.538573,-119.79332500000002
1059,39.5111928,-119.78587490000001
1060,39.5435,-119.74027081307342
1061,39.54276500000001,-119.740302
1062,39.5229686,-119.74010510000001
1063,39.52218140000001,-119.74017699999999
1064,39.5385134,-119.79953019999999
1065,39.5343429,-119.7528532
1066,39.5346763,-119.75284280000001
1067,39.53650230000001,-119.76545630000003
1068,39.533013,-119.76902200000004
1069,39.541756,-119.75593900000003
1070,39.51928755898502,-119.80199999999999
1071,39.532069,-119.79188570000001
1072,39.53176190000001,-119.7936316
1073,39.5001,-119.78578824031443
1074,39.51563749999999,-119.7609346
1075,39.5146171,-119.75558200000002
1076,39.5008471,-119.78910560000001
1077,39.5376864,-119.785154
1078,39.541879,-119.79612900000002
1079,39.535269,-119.77957140000001
1080,39.5332117,-119.73862010000002
1081,39.5336074,-119.73833140000002
1082,39.541025000000005,-119.77613600000002
1083,39.540283,-119.77614800000002
1084,39.533141,-119.7528882
1085,39.5329441,-119.75297010000001
1086,39.541039999999995,-119.7714717
1087,39.5380104,-119.78034860000002
1088,39.5346683,-119.77631830000001
1089,39.535257,-119.77780690000002
1090,39.50328595510535,-119.80200000000002
1091,39.537515799999994,-119.73566040000001
1092,39.53744999999999,-119.73550610000002
1093,39.539434,-119.79031300000003
1094,39.54194100000001,-119.78857900000001
1095,39.53411289999999,-119.78788610000001
1096,39.5275637,-119.7650555
1097,39.52859900000001,-119.76486900000002
1098,39.5406966,-119.77146900000001
1099,39.541025999999995,-119.77233300000002
1100,39.540818,-119.77233200000002
1101,39.53574909999999,-119.77609820000002
1102,39.504514,-119.76232900000001
1103,39.504503899999996,-119.76404310000001
1104,39.509972700000006,-119.78041870000001
1105,39.507549,-119.7802299
1106,39.514807000000005,-119.801828
1107,39.51480576900297,-119.80199999999999
1108,39.52113400000001,-119.79304400000001
1109,39.5093801,-119.7807426
1110,39.5131086,-119.7734898
1111,39.5239879,-119.78793810000002
1112,39.5239759,-119.7891819
1113,39.54221470000001,-119.76539020000001
1114,39.54223399999999,-119.76640689999999
1115,39.5338507,-119.7609343
1116,39.533853799999996,-119.76051079999999
1117,39.507469400000005,-119.79654480000004
1118,39.538614300000006,-119.78779870000001
1119,39.519898,-119.78615500000002
1120,39.540391,-119.78616190000002
1121,39.5165196,-119.72232030000004
1122,39.5130551,-119.7774447
1123,39.542995000000005,-119.72240900000001
1124,39.5435,-119.72391794059406
1125,39.537295699999994,-119.78733670000001
1126,39.5376073,-119.7874457
1127,39.5255038,-119.75104170000002
1128,39.5279052,-119.71521550000001
1129,39.529439499999995,-119.79222610000002
1130,39.502342600000006,-119.79443040000001
1131,39.50234129999999,-119.7954866
1132,39.5074925,-119.7917013
1133,39.5074881,-119.7925806
1134,39.50621890000001,-119.77978440000001
1135,39.5057916,-119.79116709999998
1136,39.540038,-119.795185
1137,39.5235524,-119.79370150000003
1138,39.5368691,-119.7811664
1139,39.5352034,-119.75302280000001
1140,39.534891900000005,-119.75302670000002
1141,39.50463880000001,-119.7890238
1142,39.5274944,-119.76342160000002
1143,39.538674000000015,-119.789653
1144,39.523380199999984,-119.76093260000002
1145,39.5146661,-119.7985031
1146,39.523065,-119.799272
1147,39.52227400000001,-119.79926600000003
1148,39.537788,-119.792971
1149,39.538575,-119.793088
1150,39.5356473,-119.7205135
1151,39.515516000000005,-119.78750000000002
1152,39.5155139,-119.78918780000001
1153,39.5131163,-119.71326630000002
1154,39.512801800000005,-119.71348300000001
1155,39.532867200000005,-119.75706110000002
1156,39.5180084,-119.77722530000001
1157,39.51764330000001,-119.77745270000001
1158,39.524463100000006,-119.7198625
1159,39.522841,-119.793681
1160,39.5118055,-119.7454404
1161,39.53478160000001,-119.7457366
1162,39.53289,-119.787524
1163,39.5319371,-119.78685550000003
1164,39.513837,-119.80183300000003
1165,39.51289,-119.80182900000001
1166,39.5378553,-119.7528475
1167,39.50216520000001,-119.7890518
1168,39.50232880000001,-119.78905290000003
1169,39.53651000000001,-119.71525740000003
1170,39.5401241,-119.71526359999999
1171,39.538813,-119.749189
1172,39.5336177,-119.71592050000002
1173,39.533502,-119.71565270000002
1174,39.50568990000001,-119.747871
1175,39.53388340000001,-119.71850910000002
1176,39.534668800000006,-119.71830160000002
1177,39.518866800000005,-119.78109210000002
1178,39.50595380000001,-119.78111360000001
1179,39.534360400000004,-119.7665938
1180,39.5240003,-119.78673780000001
1181,39.537815,-119.74805
1182,39.514917999999994,-119.787503
1183,39.5212987,-119.79847200000002
1184,39.5058115,-119.77811750000001
1185,39.5001832,-119.7487179
1186,39.500099999999996,-119.74866399577466
1187,39.5059,-119.74948600000003
1188,39.50825599999999,-119.74836
1189,39.5001,-119.78909366472486
1190,39.502344300000004,-119.7936625
1191,39.50089440000001,-119.79372230000001
1192,39.5341524,-119.7531747
1193,39.506860399999994,-119.78923760000002
1194,39.5347791,-119.74340020000001
1195,39.5213272,-119.71224460000002
1196,39.52101609999999,-119.71197460000002
1197,39.514631,-119.791723
1198,39.5119546,-119.74568540000001
1199,39.5263034,-119.77905980000001
1200,39.526291,-119.7795163
1201,39.540683,-119.76707400000001
1202,39.53383000000001,-119.75760000000001
1203,39.5338206,-119.75683730000002
1204,39.536983000000006,-119.78517700000002
1205,39.5357513,-119.77866510000001
1206,39.506679,-119.7944986
1207,39.534236299999996,-119.7749958
1208,39.533889900000005,-119.7714811
1209,39.5352511,-119.76713310000001
1210,39.5429787,-119.7678397
1211,39.512936,-119.79372200000002
1212,39.5121301,-119.78919550000002
1213,39.52640840000001,-119.74084310000003
1214,39.5011909,-119.8010293
1215,39.5282148,-119.78930840000001
1216,39.5275605,-119.7893051
1217,39.5095218,-119.77965480000002
1218,39.538872100000006,-119.75677080000001
1219,39.53689260000001,-119.7555164
1220,39.519318000000005,-119.79749900000002
1221,39.50199620000001,-119.74935089999998
1222,39.525587300000005,-119.74338450000002
1223,39.523078500000004,-119.7982724
1224,39.52228590000001,-119.79835260000002
1225,39.52205949999998,-119.77101230000001
1226,39.5228665,-119.77028380000002
1227,39.5214102,-119.74006980000001
1228,39.511719,-119.77604600000002
1229,39.507467299999995,-119.7957773
1230,39.515539200000006,-119.76191890000001
1231,39.5412945,-119.78800640000003
1232,39.5391463,-119.78800570000001
1233,39.51733240000001,-119.80054020000003
1234,39.538599,-119.74064500000001
1235,39.533486499999995,-119.71910230000002
1236,39.5335408,-119.7655715
1237,39.519319,-119.79657800000001
1238,39.517353,-119.79657800000001
1239,39.5173283,-119.77248840000001
1240,39.5415673,-119.76199190000003
1241,39.543203000000005,-119.72585400000003
1242,39.5063886,-119.80048739999998
1243,39.5064085,-119.80041869999998
1244,39.5352338,-119.73457
1245,39.5252274,-119.73386500000002
1246,39.53282800000001,-119.76029200000002
1247,39.5327951,-119.7617186
1248,39.5342095,-119.7488932
1249,39.5235254,-119.76684670000002
1250,39.5024927,-119.7891177
1251,39.540743,-119.77277
1252,39.541025000000005,-119.77277100000002
1253,39.53597390000001,-119.75680550000001
1254,39.5236191,-119.7938504
1255,39.52010700000001,-119.76082500000001
1256,39.5278363,-119.71452270000002
1257,39.508241,-119.80053110000001
1258,39.5093872,-119.8005385
1259,39.542372000000015,-119.724989
1260,39.53981760000001,-119.7552882
1261,39.503850400000005,-119.7981674
1262,39.504781200000004,-119.7982121
1263,39.5418834,-119.71114000000001
1264,39.522087000000006,-119.79245600000002
1265,39.5193537,-119.74042470000002
1266,39.51773390000001,-119.74078900000002
1267,39.52176939999999,-119.7741957
1268,39.520347300000005,-119.7740625
1269,39.5203243,-119.74036600000001
1270,39.50905939999999,-119.7632764
1271,39.5067636,-119.7637899
1272,39.5354385,-119.77860410000001
1273,39.51883050000001,-119.78098550000001
1274,39.52755380000001,-119.7899301
1275,39.5370422,-119.76197250000001
1276,39.5369443,-119.7619721
1277,39.53526200000002,-119.77046910000003
1278,39.509280000000004,-119.75435199999998
1279,39.5342189,-119.7406595
1280,39.51110799999999,-119.79077000000002
1281,39.532915100000004,-119.7619845
1282,39.5338604,-119.7533783
1283,39.5207517,-119.78599769999998
1284,39.5210191,-119.7867247
1285,39.536908,-119.75752
1286,39.5172271,-119.77606030000001
1287,39.541404,-119.72902300000001
1288,39.5413275,-119.71527790000002
1289,39.54190060000001,-119.7148226
1290,39.53757370000001,-119.78771430000002
1291,39.507443699999996,-119.80052270000002
1292,39.5074549,-119.79820990000003
1293,39.50581009999999,-119.7797809
1294,39.5059501,-119.77978590000001
1295,39.52753570000001,-119.76566450000003
1296,39.5275762,-119.76534310000001
1297,39.54253609958507,-119.7065
1298,39.5338135,-119.79286930000002
1299,39.508255,-119.7982186
1300,39.53526620000002,-119.77172190000002
1301,39.542936899999994,-119.73362180000001
1302,39.5435,-119.73362380639814
1303,39.5200672,-119.77425939999999
1304,39.5192961,-119.7755113
1305,39.5401412,-119.75293099999999
1306,39.5276708,-119.77694350000002
1307,39.5276832,-119.77645960000001
1308,39.5234151,-119.76670880000002
1309,39.523457,-119.76597630000002
1310,39.51592800000001,-119.7618226
1311,39.5412207,-119.7878547
1312,39.51383713599349,-119.80199999999999
1313,39.53580699999999,-119.77684530000002
1314,39.5329588,-119.76581640000002
1315,39.53887430000001,-119.76876540000002
1316,39.5419234,-119.7336216
1317,39.534834399999994,-119.75126880000002
1318,39.5348243,-119.75044010000002
1319,39.5340975,-119.7213986
1320,39.534010699999996,-119.72173380000002
1321,39.533403,-119.7527133
1322,39.517391,-119.78993299999999
1323,39.51326910000001,-119.78121770000001
1324,39.514168,-119.781507
1325,39.5215671,-119.74005390000002
1326,39.5058131,-119.7808775
1327,39.50535690000001,-119.78103879999999
1328,39.5111804,-119.78766390000001
1329,39.5273255,-119.7199375
1330,39.528517,-119.71527640000002
1331,39.52795909999999,-119.71522170000003
1332,39.527476,-119.790746
1333,39.503854800000006,-119.74884800000001
1334,39.542568,-119.74525699999998
1335,39.51674299999999,-119.79561000000002
1336,39.5403169,-119.7583629
1337,39.5418955,-119.73770580000003
1338,39.541915,-119.74030300000001
1339,39.536598000000005,-119.797066
1340,39.5283544,-119.80059680000001
1341,39.5283600379358,-119.80200000000002
1342,39.541907,-119.7245291
1343,39.5414537,-119.71544620000002
1344,39.540835200000004,-119.71545390000003
1345,39.534785600000006,-119.7445717
1346,39.52857079999999,-119.78811550000002
1347,39.5435,-119.76197039239305
1348,39.541025999999995,-119.77246200000002
1349,39.521891999999994,-119.79495200000002
1350,39.522936,-119.794722
1351,39.5337625,-119.7939373
1352,39.521667900000004,-119.74134820000002
1353,39.5310709,-119.7154293
1354,39.53045600000001,-119.7153864
1355,39.534793400000005,-119.75284210000002
1356,39.53405239999999,-119.7568287
1357,39.5338237,-119.74065069999999
1358,39.5127616,-119.78125720000001
1359,39.511179600000006,-119.76126630000002
1360,39.511382,-119.7627578
1361,39.5219803,-119.71259150000002
1362,39.5182547,-119.77695670000001
1363,39.542815,-119.74316100000001
1364,39.5435,-119.74316728440368
1365,39.53979100000001,-119.76708
1366,39.520307400000014,-119.7401834
1367,39.505794,-119.79079650000001
1368,39.5335669,-119.71991940000001
1369,39.5337628,-119.7202579
1370,39.53487,-119.71551250000002
1371,39.53362490000001,-119.71526839999999
1372,39.539789400000004,-119.75543220000003
1373,39.540822,-119.75565199999998
1374,39.534424900000005,-119.73996310000001
1375,39.5167339,-119.7984839
1376,39.5153743,-119.7984932
1377,39.5274245,-119.78480320000001
1378,39.527416,-119.7844418
1379,39.5129782,-119.78132710000001
1380,39.54069750000001,-119.73384310000002
1381,39.5435,-119.70899894699649
1382,39.5074794,-119.7935484
1383,39.50623639999999,-119.780835
1384,39.5308742,-119.7433855
1385,39.541804000000006,-119.7336247
1386,39.5383131,-119.7380953
1387,39.527471,-119.79157200000002
1388,39.5116533,-119.78587350000001
1389,39.5273615,-119.80059530000001
1390,39.51916659999999,-119.72226860000004
1391,39.53700440000001,-119.78880440000002
1392,39.53728220000001,-119.78660870000002
1393,39.507839499999996,-119.7758576
1394,39.5382038,-119.76377700000003
1395,39.5006357,-119.80075480000002
1396,39.542597,-119.79495000000001
1397,39.54124,-119.758647
1398,39.525458500000006,-119.7919147
1399,39.5364918,-119.79559980000002
1400,39.53633091982248,-119.80199999999999
1401,39.5363386,-119.80184730000002
1402,39.543243000000004,-119.710688
1403,39.542845,-119.71093299999998
1404,39.53435000000001,-119.7693806
1405,39.5343556,-119.77047310000002
1406,39.5127688,-119.78105670000002
1407,39.5129574,-119.78111740000001
1408,39.5318346,-119.78045950000003
1409,39.5348986,-119.75339029999999
1410,39.52647300000001,-119.801851
1411,39.5172524,-119.77750210000002
1412,39.53797899999999,-119.76709300000002
1413,39.53530700000001,-119.73473720000001
1414,39.5273491,-119.70843330000001
1415,39.527148893114855,-119.7065
1416,39.5059494,-119.77952840000002
1417,39.5310752,-119.78557440000003
1418,39.532025000000004,-119.78663720000002
1419,39.5276291,-119.7780165
1420,39.5276632,-119.77717840000001
1421,39.5128984,-119.8005441
1422,39.5129108,-119.79838110000001
1423,39.52553579999999,-119.7667478
1424,39.52452540000001,-119.73077270000002
1425,39.5074817,-119.79307660000002
1426,39.535155100000004,-119.76205090000002
1427,39.5344786,-119.7393143
1428,39.534940399999996,-119.7316271
1429,39.5349719,-119.73208530000001
1430,39.53127500000001,-119.77131700000002
1431,39.539045,-119.788474
1432,39.5386326,-119.78880940000002
1433,39.5275093,-119.79170570000001
1434,39.5365276,-119.7568291
1435,39.542967,-119.712307
1436,39.542459,-119.712
1437,39.53470020000001,-119.75553109999998
1438,39.5346179,-119.75553220000002
1439,39.53849180000001,-119.7985976
1440,39.5275282,-119.73956400000002
1441,39.53418250000001,-119.74339840000002
1442,39.5346653,-119.7332712
1443,39.53710360000001,-119.73470850000001
1444,39.54304700000001,-119.72154099999999
1445,39.5019125,-119.7891062
1446,39.52090300000001,-119.741929
1447,39.5356747,-119.79351650000001
1448,39.50415449999999,-119.7480074
1449,39.542244000000004,-119.75333300000001
1450,39.5275626,-119.7674415
1451,39.52778790000001,-119.71503970000002
1452,39.534944900000006,-119.7753859
1453,39.53509029999999,-119.77519290000001
1454,39.542995,-119.74835200000001
1455,39.538885,-119.767086
1456,39.53488990000002,-119.7821233
1457,39.53533,-119.775003
1458,39.52682540000001,-119.7397748
1459,39.524263700000006,-119.73996020000003
1460,39.5114979,-119.78919240000003
1461,39.5201757,-119.77392100000002
1462,39.520074099999995,-119.77384600000002
1463,39.5369283,-119.80162880000002
1464,39.536993172937215,-119.80200000000002
1465,39.5058104,-119.7793997
1466,39.53468519999999,-119.75685980000002
1467,39.5009022,-119.79442830000002
1468,39.5340269,-119.76991060000002
1469,39.5021229,-119.78860280000004
1470,39.50580970000001,-119.7892269
1471,39.54321800000001,-119.72094500000003
1472,39.5357279,-119.77582250000002
1473,39.5358355,-119.7758279
1474,39.542477000000005,-119.71034800000001
1475,39.5360871,-119.80077480000001
1476,39.506597,-119.79820200000002
1477,39.5322983,-119.77179810000001
1478,39.533748700000004,-119.71627130000002
1479,39.528575200000006,-119.79276870000002
1480,39.5352217,-119.7795328
1481,39.5350751,-119.7793126
1482,39.5344128,-119.7386182
1483,39.5344865,-119.73788620000002
1484,39.54231,-119.77034900000001
1485,39.53404700000001,-119.75742900000002
1486,39.53782390000001,-119.77959120000001
1487,39.5176022,-119.77732660000001
1488,39.5178588,-119.7771839
1489,39.514626,-119.792679
1490,39.539176000000005,-119.71114700000001
1491,39.53373860000001,-119.7173093
1492,39.5214144,-119.7648703
1493,39.52261260000001,-119.76649740000002
1494,39.538722,-119.789368
1495,39.52261938005135,-119.7065
1496,39.5226084,-119.70807060000003
1497,39.529443300000004,-119.7889594
1498,39.536739,-119.79450900000002
1499,39.5214671,-119.78779960000001
1500,39.5370512,-119.76378740000001
1501,39.5329053,-119.787393
1502,39.53197209999999,-119.7867745
1503,39.535541599999995,-119.7785928
1504,39.5356001,-119.77861919999998
1505,39.5037761,-119.79367350000001
1506,39.5276585,-119.7667791
1507,39.5127746,-119.71338940000001
1508,39.5131085,-119.71314800000002
1509,39.5299059,-119.71519300000001
1510,39.5299012,-119.71535430000003
1511,39.5245129,-119.78600810000002
1512,39.5353733,-119.7796768
1513,39.536955,-119.76064200000002
1514,39.53438340000001,-119.7712521
1515,39.514641,-119.78980600000003
1516,39.52469529999999,-119.79838020000001
1517,39.533462799999995,-119.75306950000002
1518,39.536473799999996,-119.79822129999998
1519,39.51412809999999,-119.75278730000001
1520,39.53528740000001,-119.76335660000001
1521,39.54042200000001,-119.77971400000001
1522,39.5358597,-119.7878774
1523,39.5078912,-119.7874601
1524,39.52742380000001,-119.78922600000003
1525,39.532259999999994,-119.80196250000002
1526,39.53102669999999,-119.80193889999998
1527,39.52027508292392,-119.80199999999999
1528,39.5369482,-119.76766620000001
1529,39.538383,-119.74242300000002
1530,39.53407,-119.77218300000001
1531,39.5346461,-119.77548660000001
1532,39.52739590000001,-119.74049540000003
1533,39.51397899999999,-119.75194600000002
1534,39.5380721,-119.7756817
1535,39.516662100000005,-119.77742900000001
1536,39.5435,-119.72500221014964
1537,39.51484880000001,-119.7985051
1538,39.538593,-119.79084500000002
1539,39.53780900000001,-119.79083799999998
1540,39.535263,-119.77445400000003
1541,39.53312,-119.72465080000003
1542,39.51191800000001,-119.79361
1543,39.5001,-119.75055079648477
1544,39.5194594,-119.78338420000003
1545,39.53562110000001,-119.78001380000002
1546,39.535417,-119.7797149
1547,39.523520700000006,-119.7667095
1548,39.52749170000001,-119.788446
1549,39.52850020000001,-119.78746900000002
1550,39.5214697,-119.7715486
1551,39.53257,-119.79523610000003
1552,39.5372611,-119.78856730000001
1553,39.505333099999994,-119.7479771
1554,39.52116519999999,-119.7871382
1555,39.52683819999999,-119.7892138
1556,39.5001,-119.72133320179374
1557,39.500558000000005,-119.72059300000001
1558,39.518942300000006,-119.78096700000002
1559,39.530104800000004,-119.77958890000001
1560,39.5317277,-119.7804654
1561,39.5413758,-119.75273630000001
1562,39.5198657,-119.77368660000002
1563,39.5435,-119.72003110967741
1564,39.543259,-119.72002800000001
1565,39.5293287,-119.7128954
1566,39.5360795,-119.7808352
1567,39.5347943,-119.7531959
1568,39.534794600000005,-119.75302790000002
1569,39.5369978,-119.78722510000001
1570,39.5280288,-119.78446310000001
1571,39.5274757,-119.79220810000001
1572,39.515279,-119.74956400000003
1573,39.5356079,-119.7792574
1574,39.53524380000001,-119.77853639999998
1575,39.5094013,-119.79822160000003
1576,39.500099999999996,-119.80056877324577
1577,39.5360857,-119.76148890000002
1578,39.535968,-119.76110010000001
1579,39.541996399999995,-119.71113710000003
1580,39.50581820000001,-119.7858195
1581,39.51710349999999,-119.77471430000001
1582,39.540277,-119.752858
1583,39.5379127,-119.7824548
1584,39.53449760000001,-119.73768000000003
1585,39.501722,-119.7618462
1586,39.5363798,-119.7793189
1587,39.5363966,-119.77904870000002
1588,39.54187799999999,-119.78639400000002
1589,39.54188,-119.78688300000002
1590,39.53406940000001,-119.71551130000002
1591,39.5338698,-119.71564969999999
1592,39.50563864512483,-119.80199999999999
1593,39.5336163,-119.80196
1594,39.53369699999999,-119.71802709999999
1595,39.5212559,-119.7873968
1596,39.5166484,-119.7199731
1597,39.536214,-119.72113389999998
1598,39.51755,-119.77734130000002
1599,39.53409620000001,-119.71862510000001
1600,39.5340644,-119.719002
1601,39.5343683,-119.7663201
1602,39.53445790000001,-119.76584240000003
1603,39.5274272,-119.7886212
1604,39.52939520000001,-119.7881103
1605,39.528954,-119.72209100000003
1606,39.5326578,-119.76573870000001
1607,39.5177697,-119.77781940000003
1608,39.5178105,-119.77793449999999
1609,39.5338754,-119.77682270000003
1610,39.534656899999995,-119.77576809999998
1611,39.542393999999994,-119.746169
1612,39.5314836,-119.80059750000001
1613,39.538583,-119.78801410000001
1614,39.5341907,-119.75282230000002
1615,39.51879900000001,-119.79177
1616,39.53418529999998,-119.7907592
1617,39.5354603,-119.77790530000001
1618,39.515883,-119.78657700000001
1619,39.504805,-119.79365300000002
1620,39.5335388,-119.7657317
1621,39.5058133,-119.7810648
1622,39.535414,-119.77993920000002
1623,39.51731079334371,-119.80199999999999
1624,39.5327106,-119.73918840000002
1625,39.539898,-119.73626200000001
1626,39.5339788,-119.71876620000003
1627,39.52849960000001,-119.71510340000003
1628,39.53552160000002,-119.7915263
1629,39.52398589999999,-119.7104007
1630,39.5233752,-119.7114032
1631,39.541056000000005,-119.77308300000001
1632,39.52985100000001,-119.730826
1633,39.5001,-119.75009152492227
1634,39.5352095,-119.7800131
1635,39.5351602,-119.77975350000001
1636,39.5023369,-119.78916620000001
1637,39.543051999999996,-119.751666
1638,39.5435,-119.74554936363637
1639,39.52739220000001,-119.73955990000003
1640,39.512915,-119.79707900000001
1641,39.5001,-119.75471204398426
1642,39.5334371,-119.7190355
1643,39.534232800000005,-119.7527106
1644,39.527888999999995,-119.71505110000001
1645,39.529788100000005,-119.7163194
1646,39.5047279,-119.7230283
1647,39.534792200000005,-119.75266380000001
1648,39.5340745,-119.73820160000001
1649,39.5338659,-119.73835980000001
1650,39.52746530000002,-119.7929616
1651,39.527208200000004,-119.78373920000003
1652,39.514611,-119.795585
1653,39.5059539,-119.7802392
1654,39.50543660000001,-119.77978860000002
1655,39.5058124,-119.78034340000004
1656,39.52406880000001,-119.78383569999998
1657,39.534462999999995,-119.76510110000002
1658,39.5435,-119.79487393619793
1659,39.521342000000004,-119.73675559999998
1660,39.5352637,-119.77093459999999
1661,39.537457999999994,-119.788779
1662,39.54350000000001,-119.7283477057221
1663,39.52747790000001,-119.7850311
1664,39.535847100000005,-119.76539240000002
1665,39.52813,-119.78914450000002
1666,39.522108599999996,-119.7711429
1667,39.532918699999996,-119.78725520000003
1668,39.5246983,-119.80057910000001
1669,39.524691305479635,-119.80199999999999
1670,39.52640610000001,-119.74339080000001
1671,39.5335992,-119.71733170000003
1672,39.53346330000001,-119.71854349999998
1673,39.5335979,-119.71811410000001
1674,39.506454000000005,-119.777913
1675,39.520027,-119.75756700000001
1676,39.504787,-119.79615200000003
1677,39.50319480000001,-119.71792630000002
1678,39.514637,-119.79064200000002
1679,39.53345190000001,-119.7185646
1680,39.53586980000001,-119.7207356
1681,39.5435,-119.776095668722
1682,39.513042600000006,-119.71218070000002
1683,39.5426073,-119.76733340000001
1684,39.516449980791684,-119.7065
1685,39.5344742,-119.77564320000002
1686,39.5366167,-119.7752204
1687,39.5357868,-119.78802770000003
1688,39.51984740000001,-119.7805157
1689,39.5171583,-119.71088160000002
1690,39.53678420000001,-119.79997650000003
1691,39.542373000000005,-119.72766500000002
1692,39.53360867774031,-119.80199999999999
1693,39.534040999999995,-119.760937
1694,39.54116869999999,-119.78601710000001
1695,39.5330904,-119.73837150000001
1696,39.53286490000001,-119.75741840000002
1697,39.539004999999996,-119.735323
1698,39.504156,-119.76113500000001
1699,39.5342454,-119.73705070000001
1700,39.53433430000001,-119.73726430000002
1701,39.51156449999999,-119.7742447
1702,39.52320520000001,-119.71223580000003
1703,39.531104,-119.78594200000002
1704,39.52788619999999,-119.78504870000003
1705,39.5303378,-119.801491
1706,39.51277840000001,-119.78103250000001
1707,39.539481,-119.77560300000002
1708,39.5375534,-119.7936469
1709,39.536535,-119.78871500000001
1710,39.536918400000005,-119.78942240000002
1711,39.5201548,-119.77346080000001
1712,39.5292672,-119.71117780000002
1713,39.529176,-119.7111786
1714,39.53376750000001,-119.72045210000002
1715,39.533589199999994,-119.7202129
1716,39.5332905,-119.71550650000002
1717,39.5284392,-119.7681365
1718,39.519871,-119.7402245
1719,39.5001,-119.75101708072167
1720,39.5235211,-119.78604330000003
1721,39.50743916619367,-119.80199999999999
1722,39.542443999999996,-119.718941
1723,39.538375,-119.789635
1724,39.533983,-119.72227910000001
1725,39.533905100000005,-119.72228840000001
1726,39.5277623,-119.79205039999998
1727,39.52831909999999,-119.79205740000002
1728,39.521263199549885,-119.80199999999999
1729,39.540705300000006,-119.7336747
1730,39.5163286,-119.80054160000002
1731,39.53818780000001,-119.76196100000003
1732,39.542431,-119.720752
1733,39.53915549999999,-119.78787
1734,39.5340888,-119.72095760000002
1735,39.511655299999994,-119.78485970000001
1736,39.534404800000004,-119.7390734
1737,39.541066,-119.77433800000001
1738,39.541508,-119.77433900000001
1739,39.5313332,-119.71575280000002
1740,39.533591400000006,-119.75365260000001
1741,39.5340794,-119.7367998
1742,39.5001,-119.79627924774607
1743,39.5369175,-119.78250020000002
1744,39.5365331,-119.78173090000001
1745,39.53587559999999,-119.75301430000003
1746,39.534425,-119.76239380000001
1747,39.52781290000001,-119.7142928
1748,39.534059,-119.76051079999999
1749,39.5342803,-119.77577820000002
1750,39.522302999999994,-119.79634400000002
1751,39.5372499,-119.77656970000001
1752,39.536135099999996,-119.76197910000002
1753,39.533686,-119.7155107
1754,39.5338815,-119.76585200000001
1755,39.5338752,-119.7653083
1756,39.5347904,-119.76540330000002
1757,39.5250071,-119.7929671
1758,39.52618799999998,-119.793121
1759,39.52815869999999,-119.7858294
1760,39.5285469,-119.78583379999999
1761,39.507119,-119.755468
1762,39.5156761,-119.76116610000001
1763,39.5266707,-119.7843776
1764,39.5251978,-119.7840158
1765,39.5257559,-119.71490680000001
1766,39.52597850000001,-119.71492240000002
1767,39.5435,-119.72107817241383
1768,39.51932400000001,-119.79563900000001
1769,39.537784300000006,-119.780373
1770,39.519218300000006,-119.74474360000002
1771,39.520203,-119.791787
1772,39.534681587907045,-119.80199999999999
1773,39.518024000000004,-119.75390400000002
1774,39.50383370000001,-119.74800200000001
1775,39.516447500000005,-119.76169680000001
1776,39.528930800000005,-119.78811320000001
1777,39.5261951,-119.77766100000002
1778,39.5255809,-119.74089090000002
1779,39.54198399999999,-119.72239880000001
1780,39.532252757668715,-119.80199999999999
1781,39.50182170000001,-119.77829280000003
1782,39.527337356226425,-119.70650000000003
1783,39.5058909,-119.79367460000002
1784,39.515329852053185,-119.80199999999999
1785,39.515332,-119.801828
1786,39.53055700000001,-119.76451800000001
1787,39.53977,-119.788154
1788,39.539027000000004,-119.78843430000002
1789,39.530663000000004,-119.78808270000002
1790,39.533601100000006,-119.71748030000003
1791,39.51939,-119.78313300000002
1792,39.539739,-119.78683900000003
1793,39.5435,-119.71057880851065
1794,39.52493564921306,-119.7065
1795,39.5435,-119.7483377928389
1796,39.51614200000001,-119.78749700000003
1797,39.540539700000004,-119.75155400000001
1798,39.534642700000006,-119.75302980000001
1799,39.5341027,-119.72118610000001
1800,39.53209910000001,-119.71548930000003
1801,39.5386061,-119.7878675
1802,39.5362247,-119.72086020000002
1803,39.536318300000005,-119.72107840000001
1804,39.53052730000001,-119.73964960000004
1805,39.5310094,-119.7396273
1806,39.5119055,-119.74538150000001
1807,39.5356869,-119.77647150000001
1808,39.5355165,-119.72095589999999
1809,39.54145,-119.75171200000001
1810,39.5327765,-119.76585220000001
1811,39.5361662,-119.7687961
1812,39.5276499,-119.7659786
1813,39.52789800000001,-119.76656869999998
1814,39.534581200000005,-119.7374391
1815,39.538022100000006,-119.71543030000002
1816,39.53565400000001,-119.71545620000002
1817,39.5348693,-119.77565730000002
1818,39.53536290000001,-119.77752360000002
1819,39.5435,-119.78874191564151
1820,39.52704549999999,-119.78442130000002
1821,39.508232675534906,-119.80199999999999
1822,39.533732,-119.76947250000002
1823,39.54274,-119.71414400000003
1824,39.5435,-119.71229690625
1825,39.5001,-119.74814403326242
1826,39.52737204979294,-119.80200000000002
1827,39.530574800000004,-119.7694475
1828,39.511662541658076,-119.80200000000002
1829,39.50189699999999,-119.77995600000001
1830,39.537258300000005,-119.78438
1831,39.543499999999995,-119.70770965168538
1832,39.5336281,-119.7525468
1833,39.521372,-119.73748040000001
1834,39.5368727,-119.75286390000001
1835,39.50128195652174,-119.80199999999999
1836,39.52789909999999,-119.73957450000002
1837,39.527395,-119.7398078
1838,39.53613729999999,-119.7625118
1839,39.5349948,-119.75320890000003
1840,39.536839,-119.78882150000001
1841,39.530981600000004,-119.78787759999999
1842,39.5286081,-119.733961
1843,39.536171100000004,-119.7951875
1844,39.539512,-119.737563
1845,39.51632920000001,-119.76158550000001
1846,39.521428500000006,-119.77140150000001
1847,39.5435,-119.75263928081571
1848,39.537817,-119.790127
1849,39.5363596,-119.8008778
1850,39.5283693,-119.78447800000001
1851,39.53757220000001,-119.7880166
1852,39.5435,-119.75802089442232
1853,39.518100700000005,-119.78167650000003
1854,39.5354171,-119.78735770000002
1855,39.5364565,-119.7996087
1856,39.53580240000001,-119.76193050000002
1857,39.5356071,-119.7655317
1858,39.5370456,-119.75807050000002
1859,39.541513,-119.77215600000001
1860,39.5284148,-119.79079180000001
1861,39.539994,-119.79392000000001
1862,39.5257592,-119.7150216
1863,39.5219766,-119.7128026
1864,39.530217500000006,-119.78638450000003
1865,39.5036843,-119.76103780000001
1866,39.5001,-119.77890548961938
1867,39.50938303425775,-119.80199999999999
1868,39.5352334,-119.7775223
1869,39.531100000000016,-119.73329900000003
1870,39.5332712,-119.73824630000001
1871,39.5238119902626,-119.80200000000002
1872,39.501928,-119.78043100000001
1873,39.54106900000001,-119.75996000000002
1874,39.52995880000001,-119.74339140000002
1875,39.504822,-119.7231366
1876,39.5045519,-119.72349120000001
1877,39.5274195,-119.7899114
1878,39.5298275,-119.75638760000001
1879,39.5364084,-119.80045780000002
1880,39.51288958934334,-119.80199999999999
1881,39.5340039,-119.738041
1882,39.5354946,-119.77773410000002
1883,39.5355559,-119.7776814
1884,39.5171487,-119.74107830000001
1885,39.524354200000005,-119.7951504
1886,39.533752,-119.71593160000002
1887,39.502985,-119.7950617
1888,39.5001,-119.7828055
1889,39.500099999999996,-119.78341486250001
1890,39.5001,-119.71866746196662
1891,39.540731799999996,-119.70654100000002
1892,39.5407315659023,-119.70650000000003
1893,39.53354900000001,-119.71955100000001
1894,39.532309399999995,-119.76388140000003
1895,39.53603180000001,-119.72041070000002
1896,39.51633439999999,-119.72982290000002
1897,39.50302321466317,-119.80199999999999
1898,39.5334249,-119.72228509999998
1899,39.533778700000006,-119.72218090000001
1900,39.52006849999999,-119.78350440000001
1901,39.5345836,-119.7472379
1902,39.5001,-119.7130878547855
1903,39.5001,-119.7281413600148
1904,39.5276579,-119.76661490000001
1905,39.5341383,-119.75557720000002
1906,39.5435,-119.7896916634483
1907,39.54246100000001,-119.709133
1908,39.5340013,-119.72076560000002
1909,39.5273518,-119.71501770000003
1910,39.5339056,-119.72191430000001
1911,39.534054100000006,-119.72135300000002
1912,39.5302734,-119.75278320000001
1913,39.51015,-119.777857
1914,39.528715299999995,-119.80058450000001
1915,39.5274181,-119.78349780000002
1916,39.532081999999996,-119.78646800000001
1917,39.5358329,-119.77850210000001
1918,39.505834500000006,-119.78087150000003
1919,39.501889199999994,-119.7767788
1920,39.515205,-119.76194410000001
1921,39.516528199999996,-119.7774274
1922,39.531320099999995,-119.716722
1923,39.51262499999999,-119.795249
1924,39.543499999999995,-119.7379002586207
1925,39.52913350000001,-119.7362789
1926,39.5338032,-119.75313000000001
1927,39.541947174029175,-119.7065
1928,39.53559550000001,-119.77741129999998
1929,39.5356519,-119.77710280000001
1930,39.5435,-119.78797485714286
1931,39.5339013,-119.72216200000001
1932,39.527771400000006,-119.7839796
1933,39.537803,-119.791543
1934,39.5335213,-119.71936130000002
1935,39.536131399999995,-119.7209629
1936,39.52939810000001,-119.79209469999999
1937,39.52983379999999,-119.7396391
1938,39.5001,-119.71584319500846
1939,39.5347069,-119.7495226
1940,39.502844,-119.75173300000002
1941,39.52794020000001,-119.71505420000001
1942,39.5435,-119.75274959004977
1943,39.53392089999999,-119.776925
1944,39.5054812,-119.78043120000002
1945,39.5368394,-119.7880217
1946,39.5274957,-119.7390403
1947,39.505892400000015,-119.74935410000002
1948,39.53700189999999,-119.74505850000003
1949,39.516639,-119.76156590000002
1950,39.53132630000001,-119.7159709
1951,39.54208599999999,-119.77562000000002
1952,39.5218657,-119.78370630000002
1953,39.5356588,-119.7763287
1954,39.5032309,-119.7143309
1955,39.5001,-119.74799706531297
1956,39.506521,-119.80034150000002
1957,39.541847395903766,-119.70650000000003
1958,39.5046472,-119.7815712
1959,39.514672000000004,-119.79744800000002
1960,39.543499999999995,-119.71543809883165
1961,39.5374413,-119.78903610000003
1962,39.533847,-119.7526657
1963,39.51122660000001,-119.77404550000001
1964,39.518918500000005,-119.77582500000001
1965,39.5058132,-119.78226690000001
1966,39.5340639,-119.78816500000002
1967,39.5335493,-119.7388815
1968,39.50577472755671,-119.80200000000002
1969,39.534589800000006,-119.7514172
1970,39.533593100000004,-119.74014250000002
1971,39.5435,-119.74424859687501
1972,39.5435,-119.78767429943501
1973,39.52720980000001,-119.78396240000001
1974,39.5001,-119.8004178724138
1975,39.51830013737807,-119.80199999999999
1976,39.5386715,-119.7886775
1977,39.53668734936258,-119.80199999999999
