from,to,w
0,1,126.6821285882095
0,481,88.06697153563857
0,1026,76.1988920154392
1,958,42.48689349620165
1,1133,87.92327827014064
2,3,304.8256793729081
2,1896,547.7690216110739
3,547,537.5185097625563
3,1121,198.12581024746413
4,5,102.69329766754623
4,771,105.91836919417848
4,1284,178.31982002641092
5,269,120.08020191055921
5,1111,151.69641479660936
6,7,48.89366661553649
6,1339,98.83908969967378
7,1690,103.3440965489659
8,9,106.72468090118448
9,1214,67.25408067719874
9,1395,7.154347535784675
9,1576,61.25209015530437
10,11,72.39903731753334
10,741,19.298906253490802
10,782,15.99936561510266
10,783,39.072941920089356
11,987,89.45800859646256
11,1442,11.381221426240401
12,13,43.72357116273106
12,1150,29.855490418999246
12,1680,4.842438998300579
13,1724,211.0551569971278
14,15,157.44160648665786
14,84,156.7755244580584
14,1615,82.20937528976272
15,201,84.10281717701992
15,555,81.60912268777176
15,1489,305.21886528223416
16,17,65.26156001933204
16,826,81.23141360755818
16,974,238.72241435288868
16,1033,179.5601777371801
17,825,72.30482798202709
17,1008,101.35936502167695
18,19,152.15772291022847
19,601,74.71096063038722
19,823,5.521830616555088
20,21,395.8120895006937
20,843,139.91408005721848
20,998,12.190874966858525
20,1423,44.64372533225049
21,32,189.61045301486658
21,251,361.69412854764107
22,23,92.62215634483353
22,580,631.3052353266028
22,613,28.660560818379267
22,1122,279.92728198270294
23,457,346.79284806932304
23,811,463.16695551881264
23,906,327.8605385886745
24,25,76.75089687896288
24,1686,19.76529805842514
25,1534,69.92264631586023
25,1751,98.7128554540752
26,27,29.36697699762218
26,605,143.3893655440788
26,971,26.761163787165188
26,1067,39.07029786033296
26,1857,61.78274350735312
27,559,16.867704998925294
27,971,35.17368659614866
28,29,140.22711419146077
28,381,109.70702951564861
28,1430,169.37447277894518
28,1827,55.32542597615924
29,194,109.69540826054649
29,212,109.68388890541272
29,718,136.34104472020215
30,31,452.434371688947
30,1286,56.96450755880731
30,1581,61.62829624789913
31,328,119.41588230694768
31,1122,173.2081691718088
32,122,129.96362040025542
32,304,109.22864262319376
32,1307,435.8043467516389
33,34,274.23853048083856
33,399,263.79035008320983
33,434,432.3700611061699
33,512,399.2436981203365
34,174,140.00228015788272
34,411,521.6583085774528
35,36,99.03685115061049
35,75,150.43669888351755
35,175,144.82711763512492
35,180,100.47966693204943
36,195,145.3740083897992
36,743,149.44040969341614
36,1019,99.03638141143827
37,38,475.2829423440377
37,618,36.99248441831785
37,619,42.994817273619006
39,40,70.71433863341146
39,484,72.05544391819821
39,1021,298.1694170506236
40,185,306.67061701057503
40,1039,94.56732229158487
41,42,86.3343554896421
41,580,109.48931559192158
41,1608,38.79054493919041
42,393,13.164710250289524
42,1057,5.895579378019068
42,1411,32.32698929794555
43,44,182.59035154202672
43,165,207.07847934935862
43,1342,5.239777248707459
44,61,121.29713198335173
44,138,51.73982989019786
45,46,339.54525009823044
45,545,76.16604596169242
45,1338,100.8392179515253
46,414,37.34482122973073
46,472,66.6798810600965
47,48,18.519162893253373
47,1277,51.186919350585896
48,825,31.120655812321335
49,50,90.92716313572332
49,348,109.78406110627762
49,448,138.07747527291022
49,845,109.47632880438931
51,52,154.08196049843008
51,564,216.2285423519569
51,650,184.929750770539
52,1842,202.64463467882453
52,1925,45.306022154375555
53,54,301.3154170005894
53,1328,76.12543790054724
54,874,75.84430906246064
54,903,271.2579814677441
55,56,251.94505157331622
56,960,22.786181700542855
56,1855,46.43484076154717
57,58,14.145207511536237
57,264,20.436747257428372
57,1614,10.846789347681971
57,1643,17.71131094423386
58,264,9.79773272117234
58,602,12.467277016154727
58,683,11.325764090762165
59,60,118.49390583536987
59,1805,71.78129169422672
60,312,39.1314380786882
60,1624,15.955837752164458
60,1632,773.4692130109718
61,62,52.62877444921484
61,383,211.04563818887974
61,752,55.95972288769091
62,331,309.9970316354802
62,1287,77.71282845289036
63,64,192.4787879020838
63,320,103.73306296287032
63,762,106.78078419886923
63,1111,198.21905552975613
64,321,111.21234126984868
64,376,84.39572802275062
64,1548,33.6797192570257
65,66,39.817425151214906
65,429,15.088317820806656
65,724,196.02710396467944
65,1968,130.65896465413775
66,70,29.612875176419656
66,1243,29.579519579629036
67,68,134.19850701527312
67,878,82.75316366847915
67,1439,133.11243345252439
68,290,45.75307518760796
68,818,48.58902295274156
69,70,44.48281976797499
69,260,32.12072897296424
69,1956,11.933270432122425
70,1242,6.997578091116667
71,72,95.53027699095654
71,118,107.15047600497688
71,345,109.70969009955536
71,749,110.06130963042821
73,74,13.74927552234418
73,210,44.90088171629402
73,858,49.683426709283026
74,676,83.0088620961235
74,1707,43.22798703993024
75,76,101.97959622127344
75,371,255.06113696445453
75,743,102.31028386931968
76,85,31.703776415000767
76,180,148.58090829245543
77,78,349.93168323491966
77,1015,323.11971452263913
77,1940,195.4195336644287
78,226,236.42704534434387
78,1641,69.85942380375096
79,80,248.045949378893
79,601,51.790266671095
79,1588,126.93114157035819
80,186,87.32258105226785
80,447,74.37469528150838
81,82,145.1018546024385
81,1119,134.01700751762314
81,1554,91.69712875989353
82,526,47.63818897153214
82,777,61.55283628883142
83,84,83.7531016632157
83,591,95.70777384582702
83,915,7.653782402114634
84,1771,82.29130460810876
85,86,123.33296059590192
85,1394,157.9196806769398
85,1731,39.19826209855814
86,117,36.137085635027084
86,749,97.74894220127518
87,88,113.68328477692842
87,300,117.96116888061933
87,389,55.49074131514973
87,870,119.05604185032038
89,90,258.18056570727623
89,167,326.5943646545075
89,1014,207.97788696392
90,166,355.7366741672205
90,720,153.1113825099515
90,1188,156.01148601486946
91,92,74.36936948186079
91,456,58.03942824176233
91,501,75.29021358900395
92,501,13.950209981018158
92,1380,122.74807226813729
92,1385,13.283355041517432
93,94,305.79702311929555
94,159,153.91266594049773
94,1408,217.98046639559848
95,96,178.40654866809925
95,141,109.72981211669125
95,208,109.20580972976327
96,315,110.59639005660506
96,757,109.48444698181254
96,1233,109.5733165349223
97,98,37.0273709587768
97,1030,11.177026645154186
97,1664,66.7677733728464
97,1756,50.57946634724147
98,543,68.71602018038601
99,100,71.31246077693525
99,632,170.13350824178906
99,1082,589.4832238124042
101,102,151.82164808019118
101,831,50.78963969770419
102,1862,25.307300721095327
103,104,78.29210580784877
103,1901,457.6704038318361
104,1356,294.6147111377444
105,106,50.89920524124509
105,119,76.89455179315854
105,1140,15.225458494975555
105,1355,10.899607323656776
106,119,103.36975311868765
106,992,58.285953840826025
107,108,101.13829397496094
107,1587,159.0626869686344
107,1751,86.2639388286893
108,1050,104.360130992395
108,1313,13.562936959283974
109,110,343.68353250073335
109,1134,7.549789237374211
109,1653,55.63766572093604
110,386,65.8842502387898
110,1109,93.55281932159512
110,1217,15.732273804173456
111,112,109.69917621194843
111,230,101.3568641922673
111,338,108.70929009387424
111,1797,80.01671652856867
112,307,109.69915767384288
112,374,101.35830100995312
112,587,109.32505341310531
113,114,261.5350430630049
113,379,69.07737800151135
113,413,79.33070286855883
113,778,12.23506668244921
114,444,376.32337103088315
114,729,254.10941739010983
114,998,717.6655169439736
115,116,86.87709009067828
115,422,86.0541561724599
115,1625,207.52768724478295
116,712,78.3650732934922
116,1234,226.90558392186952
116,1386,20.370888184993593
117,118,74.99608821030232
117,412,77.427522921177
118,412,19.39855102078213
118,859,109.79460612874175
119,982,29.050534026445725
120,121,42.19889109988128
120,1548,20.24221163384856
120,1665,81.64657510066603
121,1216,13.371134800144864
121,1524,17.121975797924648
121,1665,63.048284154081735
122,123,113.15832557409423
122,794,44.56367245998291
124,125,114.78230038810825
124,382,99.04114856345544
124,606,102.90989191699501
124,772,109.76573222311688
125,200,98.23604185196103
125,1318,103.35303023551893
126,127,7.562558302034017
126,1320,36.42173861769295
126,1724,11.074481310809826
126,1931,7.961394976466114
127,1808,200.93210891044933
128,129,408.4114556563026
128,552,195.1269108732542
128,1158,347.06760204558
128,1596,521.96846549466
129,766,181.29507518978923
130,131,186.11843059478488
130,961,69.80408321374418
131,1718,58.31307337347211
132,133,110.31965228613412
132,212,137.26727368327096
132,448,143.5349652544183
132,718,109.98308894210834
133,213,137.62512503292555
133,731,55.4703841683786
133,1097,142.667477541972
133,1813,98.41395229857635
134,135,74.64479358911362
134,581,179.72500029961014
134,1333,25.684865701921645
135,463,30.06052475808707
135,1221,155.405443060573
136,137,107.36365931943128
137,164,118.49062293162007
137,300,120.4794471931357
137,424,155.73451014085
138,139,75.21898272716683
138,451,126.57468574818334
139,1241,92.93262003526426
139,1259,73.49982178978891
140,141,104.20977970614254
140,396,84.54542761318005
140,873,181.59639503778018
140,1183,114.98341053484265
141,757,180.10911765454765
141,1220,82.4671836016891
142,143,33.044175206259744
142,282,31.861669045344
142,1667,116.38364190362493
143,1569,316.8713765298165
144,145,60.60088852250904
144,158,64.81591151375898
144,768,92.2961402604606
145,978,141.07657217422965
146,147,190.65511415677176
146,189,105.22569713641776
146,662,254.3153397675972
146,1516,92.96361707825952
147,190,99.29333744426935
147,829,122.06138562913063
147,1668,97.68938928114676
148,149,140.1221021167048
148,199,101.448769203919
148,460,109.13972499225432
148,908,100.58905924599514
149,663,101.44801443392541
149,1948,156.63878127969477
150,151,104.84942504117834
150,465,112.2860062795336
150,953,133.2329656254369
151,465,199.20545550730625
151,765,126.71120553013829
151,1578,40.18461355075043
152,153,60.930517575711264
152,827,181.2197077482843
152,1343,84.59522668388588
153,427,14.527744623541501
153,855,14.411731351639233
153,1343,49.20831011557472
154,155,10.57738366971144
154,915,125.33787458381764
154,1108,49.981819455966395
155,1159,166.42939035941714
155,1349,124.44166686887658
156,157,101.79294346579599
156,1398,81.01533254432684
156,1758,103.71904138591363
157,761,131.25647321128523
157,824,384.3207943038422
157,1332,141.11937264529715
158,210,68.47207747325078
158,768,56.16159893381307
158,1083,146.64403538924074
159,536,61.72222685290798
159,1456,117.40051772157608
159,1634,67.98056191938335
160,161,17.941248842285482
160,342,283.16043048823
160,1281,32.26117600654536
161,1247,25.83830849567015
161,1281,14.320137278563468
162,163,304.9998279073479
162,201,83.84485649940778
162,590,218.616453761392
162,661,82.21106796597519
163,489,77.91380824518383
163,1652,82.29947405470826
164,423,126.0198460204545
164,1351,114.37196747001038
164,1551,106.9957118649648
166,167,156.83163771241126
166,1198,157.40197054208247
167,425,65.14841440872442
168,169,268.85990410861086
168,584,944.7136110052674
168,1414,1167.189123954651
169,1128,312.97316847729445
170,171,217.85835790820698
170,317,34.581502614547155
170,1683,48.457286348750785
171,417,23.31229481847575
171,646,143.86216466905898
172,173,18.41416155586636
172,952,22.194694148400885
172,1655,22.7677598300237
172,1918,23.652969587171462
173,696,13.558565267487712
173,1293,53.76970633027971
173,1653,14.159464446012715
174,1770,344.9396427112882
175,195,100.62348473034982
175,1012,98.92761506686723
175,1365,141.6327295931536
176,177,113.3614194633761
176,1218,73.59991041168453
176,1372,118.42103950218896
177,412,112.05401899920277
177,859,45.73296551062011
177,1336,116.87609986259875
178,179,91.5968363421751
178,185,317.7783627377231
178,665,94.9279730694312
179,1280,73.27479160918516
180,1012,144.83603126994262
180,1394,74.13887109459509
181,182,109.13826500982765
181,381,184.2238600486079
181,1430,110.80373063910666
181,1477,41.628728354910244
182,1068,198.88749072629355
183,184,6.623510543350408
183,289,11.604854978628772
183,1031,52.33360578482802
183,1926,17.48512367749158
184,289,6.758224232307676
184,602,9.749369584818442
184,683,14.375415185606762
185,481,94.92672615927705
185,1021,91.37377624291987
186,812,72.37842268814663
186,1792,37.22259277470078
187,188,59.97871107668822
187,796,196.36820060145675
187,841,87.44027868148378
188,841,58.0722039243312
188,1440,21.243786258440906
188,1837,16.245064117835952
189,190,191.30063943439177
189,558,100.12411435274501
190,1389,98.7158551861198
190,1410,108.61954053748846
191,192,48.71794061116947
191,1339,98.9690449319084
192,1977,276.62547383799165
193,194,111.17778094279893
194,381,140.14000271841303
194,561,108.2420628524349
195,196,100.134265066028
195,1201,141.14661116174824
196,790,141.76021276998432
196,1019,144.67635657711205
196,1113,71.04218373901377
197,198,50.050223553786694
197,1088,46.6169996751286
197,1685,16.606248373959538
198,506,178.25598149264493
199,200,108.85448796112581
199,382,6.084817115771768
200,460,102.54525831977769
201,490,305.1100610389059
201,591,219.3943300698815
202,203,126.68119401822457
202,481,251.732129083146
202,1575,145.22281135614963
203,732,251.39157500897156
203,1117,88.01341882053927
203,1299,145.57151796777157
204,205,360.27462049549274
204,1379,27.49522534301214
205,810,103.68958740816639
205,1109,15.389597576881947
205,1217,93.76826724141722
206,207,160.64532153930148
206,538,262.2798678955234
207,349,168.2278045631345
208,209,84.04864335494942
208,1233,177.48468152263837
208,1375,68.70552382088765
209,1220,218.27591886232418
209,1238,79.19873473814386
210,211,193.25386599205058
211,287,333.5358085331993
211,608,157.06660254422678
212,213,109.67237932913628
213,1717,55.81397905303629
214,215,54.017925769378884
214,876,147.03232856225864
214,1249,97.43527327514084
215,251,170.4494365518484
215,276,54.16954092334766
216,217,106.12627923410467
216,577,67.28348520272192
216,616,480.1218853292945
217,835,392.30873065084876
217,976,49.35258686917753
217,1670,117.4190694025767
218,219,623.08117700888
219,1646,40.8725227273763
220,221,547.7635951154135
220,1565,444.6316657541369
220,1782,167.87051468758764
221,1605,636.8595222913151
221,1627,452.8305029152091
222,223,41.259120406440985
222,1155,25.55932756438311
223,648,120.37758456817355
224,225,215.3668213393593
224,897,76.94337907007642
224,1132,76.89676558733973
225,665,77.66088829151981
225,1026,76.19961505833541
226,704,473.99149926751323
226,1585,340.4820116712958
227,228,87.87004734395391
227,803,104.46567947088744
227,1454,112.17673590130175
227,1611,184.34598349696424
228,229,206.13503195639305
228,400,157.1572985731829
228,518,266.44032923098814
229,230,107.26418653561376
229,804,88.09509051874437
229,1797,105.6014344266582
230,374,109.69917604304676
230,509,102.81820106982013
231,232,89.34783522609236
231,309,144.68050139786973
231,623,201.25799868923244
232,310,144.0430871797824
232,1439,82.70315143941511
233,234,74.29755596516164
233,440,278.57571760758645
233,1093,72.9002613667433
233,1494,79.18746930931782
234,1094,277.01587503788676
235,236,5.463433189277891
236,767,65.85996104140963
236,1479,66.00569442070024
237,238,109.7611349390286
237,586,109.16195220687612
237,833,172.1053671290741
237,1147,111.83742042216855
238,542,77.49597083987807
238,585,109.6934545219223
238,877,13.499838361548047
239,240,151.6067029012283
239,1841,49.66582872914199
240,1129,268.19955664642816
240,1215,140.48610531979992
240,1497,12.952981960761958
241,242,265.05684494218275
241,375,26.640257776610614
241,871,40.27802296019582
242,833,194.11006957254983
242,1223,84.83857540586357
242,1516,95.23800858227548
243,244,49.17325875766989
243,457,123.22766636598148
243,567,239.9148429215528
244,337,47.30992255515456
244,567,171.27110377111353
245,246,119.94197067827362
245,321,53.46773774537532
245,866,301.0334761184825
245,1663,95.33238311239815
246,1549,104.51126116952149
246,1760,36.33991810714606
247,248,63.38465989248025
247,889,35.24805944142355
247,1347,80.93815335840993
248,1013,33.645024437948386
248,1240,70.27290135418609
249,250,33.10055208556822
249,1969,43.247289905935396
250,904,37.5231711004339
250,1643,44.68968321884153
251,1226,13.177455140555006
251,1666,114.30374064546841
252,253,36.487133993958054
252,760,14.262000608284325
252,945,43.76004786654707
252,1361,31.637761882809652
253,894,113.70970532736199
253,945,55.495465979670584
253,1361,49.409977333517254
254,255,163.1066474238609
254,1659,293.1367817472704
254,1896,1359.1760059984524
256,257,313.12065224854473
256,1656,44.68161187150179
256,1952,200.17200772061915
257,358,87.2568752436465
257,445,105.38052159639649
258,259,458.769467900483
258,1508,496.5447456432437
259,945,44.36102196431757
260,1476,158.8847695885124
260,1956,29.590493468329374
261,262,139.08912728782025
261,850,59.11467284338024
261,1441,108.07124489270063
262,881,551.5020178975076
262,1384,120.18572480947147
263,264,29.72234154031976
263,683,28.908231978684302
263,1321,26.951905157137112
264,1962,12.482951329917443
265,266,50.45901859332311
266,888,42.41327450673672
266,935,40.40135969784073
267,268,356.6053493215242
267,1651,62.12389425290367
268,1417,49.492639786215655
269,959,109.6066687430049
269,1499,18.950696194121
270,271,141.67136470668595
270,454,101.5018282672914
270,493,99.0364134898826
270,608,91.72847004925332
271,284,99.03636633040864
271,1315,102.56808450230207
271,1365,143.21871418677003
272,273,102.9117879760397
272,421,46.19408432136603
272,822,58.08937938208109
273,1486,12.812128114696506
273,1586,150.86291877959
274,275,15.504812914876931
274,1438,162.22164533199407
275,1567,24.85244570305787
276,277,200.88255661892777
276,1226,110.7611984019473
277,1249,12.246159784751844
277,1308,11.822875800052957
277,1493,96.9733392639949
278,279,413.6910331996793
278,647,95.32868328180592
278,754,182.7910193304232
279,1245,183.44922617556554
280,281,65.56475454118437
280,1152,208.90535923820556
280,1322,64.22935065686313
281,777,245.87704744753722
281,883,322.2729131430059
282,283,142.2733994283896
283,1522,43.36664742248801
284,493,141.66955129225087
284,789,99.71294521841861
284,1201,143.21688096693424
285,286,335.5562558585546
285,985,114.23451093108848
285,1456,422.66133431330684
286,1298,182.15334468651656
286,1616,39.05457293751875
287,676,7.820391904108396
287,1083,57.2545484365751
288,289,33.28741031127087
288,602,30.83392543994726
288,1798,34.06425150058359
289,1192,17.952571445455472
290,291,33.44195779614764
291,361,6.688391530486793
292,293,56.134758953896714
292,752,87.91677831082879
292,1662,38.751132532531706
294,295,495.17632197133116
294,755,206.96317872016678
294,764,496.2845168387656
294,1429,201.1197551474536
294,1443,204.70715550680896
295,441,216.8593894261864
295,764,14.69980961499767
295,927,198.80003122702942
296,297,38.6524561924809
296,1300,105.60664645656074
297,779,15.936230604147191
297,1033,121.65210796673058
298,299,53.439254111886655
298,642,110.97040013127227
298,1011,109.21172621269704
298,1745,105.88458977779389
300,301,198.53319532244467
300,954,137.34701703701404
301,424,161.37715915832587
301,818,104.73711875953532
301,962,87.73406683936909
302,303,385.27775955436607
302,574,320.12009910875884
302,1467,159.29646293049052
302,1742,91.51797783397284
303,1214,67.47656809072399
303,1395,5.7436049871377
303,1974,65.24447008540369
304,901,172.68524231029335
304,973,26.12595379715525
305,306,74.70157852094333
305,323,100.31473500765136
305,340,134.52465678707264
305,1954,180.8239183783547
307,308,109.69913913626344
307,415,101.35973824608874
307,1166,109.22948154248532
308,390,109.9109663189672
308,607,101.27521093317802
308,1834,109.53347593184199
309,310,88.26618009030997
309,1136,149.75040704615134
310,353,82.38153570027934
310,916,149.6657814474888
311,312,16.181387219599422
311,964,21.129082604858812
311,1624,39.5827954251254
311,1970,119.12330754920123
312,584,598.8187987081816
312,1080,32.47967537691036
313,314,65.48617314031841
313,1703,48.67831336660545
314,1850,223.3243050699475
314,1932,301.3603354377868
315,316,109.80442352659324
315,319,109.80494354309687
315,1975,14.532463119645943
316,757,110.21934963648565
316,872,109.69341713828743
316,1070,14.275176835107082
318,319,109.1400990707959
318,869,14.790943319863192
318,1730,110.62178818057662
318,1785,110.58124173031543
319,1233,111.45384559835891
319,1623,14.1027195147625
320,321,186.34873902478432
320,641,111.5806520647702
322,323,66.99175984726611
323,1902,134.74485040671172
324,325,66.76835707425595
324,1110,453.3529567181876
324,1562,303.47480303260596
324,1581,111.46968768624414
325,1239,17.7396393329847
326,327,86.45967879505662
327,936,65.50935892602601
327,1149,66.88474850633948
328,329,166.193762127011
328,1110,48.84293333337542
329,1701,17.33812824889942
329,1963,37.36056949599047
330,331,38.86139885763393
331,756,77.71340186704693
332,333,66.19381095875994
332,1531,55.89633800686889
333,1868,65.68159054633571
334,335,58.49033379302848
334,488,12.480708636086927
334,814,44.63719095320327
335,767,47.3324268253479
335,774,28.747997796871257
336,337,82.13131638710361
336,1182,79.20639715368195
336,1618,106.25211553928199
337,882,102.82452719910296
338,587,110.22912110999768
338,1582,50.90496442183162
339,340,203.05909761143062
339,830,85.25703206726759
340,366,220.59524896230687
340,1938,161.99015769619916
341,342,52.18063736964638
341,1822,300.2801993285697
343,344,68.22541760649392
343,631,99.20724839610656
343,1193,169.87148300680315
344,604,200.8021023504951
344,1135,13.23467040751932
345,406,109.67088134697605
345,859,109.04904265774042
345,1858,94.70974352822238
346,347,96.05527850821224
346,900,164.80642809843062
347,520,392.7922408426681
347,558,107.24423153253838
347,1340,194.08052855967986
348,1097,138.3452082671957
348,1142,105.50102111304986
349,521,234.0353285321849
349,556,14.514069616464386
350,351,759.9881062060573
350,634,442.9856774710928
350,1329,190.01358232126256
351,564,250.55992426615194
351,1424,308.29779543130593
352,353,149.66737501063557
352,673,111.24043026725798
352,916,82.38153575856134
353,1439,144.217917863125
354,355,36.84991066020778
354,1408,567.1855807717209
355,1841,59.709408530649085
356,357,117.35573819308318
356,375,72.53391679065261
356,1254,26.6427661003308
357,662,45.954149191744435
357,1885,26.546472391481274
358,445,57.93582718306319
358,797,14.095312052272039
358,1558,289.81076309118095
359,360,63.5790497855673
359,1574,192.44625223072845
360,1207,71.37715821210017
361,962,153.46467492220324
361,1475,109.06032079344376
362,363,42.570303626558285
362,1069,195.6677525750801
362,1449,34.93459240255485
363,1449,77.54629993792983
364,365,142.88420489060826
364,476,50.106563150835065
364,1404,49.5892299772052
365,473,49.90829301039922
365,1179,47.14439910268014
366,367,76.66961725292902
366,544,259.217820714997
367,773,141.66998629857
367,1890,48.728659509790106
368,369,335.0798453388267
368,1649,356.5075932963277
369,1279,478.6045240371162
369,1901,90.55628660541547
370,371,106.32348089931521
370,1397,67.21054053736613
370,1873,52.78422722798054
371,1336,65.88214086838732
372,373,171.3930391749681
372,512,96.89627492651964
372,1352,73.92136953702467
373,401,17.491146358075333
373,1227,15.896713147531617
373,1269,121.64503323332886
374,415,109.69915750650527
374,1171,102.81965861073051
375,662,95.4126537404717
375,871,15.971983051719587
376,1346,36.97196033806396
377,378,47.29371338854259
377,1693,372.34514000826675
378,1468,351.871549276262
379,380,79.94709229064081
379,778,70.43481125304277
380,402,228.48700455029697
380,443,230.45245776604082
381,1068,108.13205328980249
382,664,109.72132406596134
383,384,132.47276402614114
383,531,183.26083358800958
383,755,406.98076926910284
384,1301,205.74765199774907
384,1316,129.28664716214087
384,1385,129.57989719435488
384,1729,216.7262041265679
385,386,126.79272701878281
385,467,191.42915992988358
385,483,73.00577437522011
386,392,88.57587107751553
386,1217,65.1254734453665
387,388,176.16155534660865
387,630,116.61239088871909
387,636,221.04153887697623
388,598,118.32843896024808
388,1460,326.26140002772354
390,606,101.3623981009634
390,982,109.8131468884529
390,992,109.3664944149629
391,392,276.3961546578149
392,1674,335.6155669152697
392,1913,75.04078672637009
393,394,57.38980664389316
393,1535,93.41151081023686
393,1598,6.200884843654248
394,1286,58.02487801387452
394,1487,59.61593350276314
395,396,101.46644588354225
395,915,216.00416370889016
395,1750,233.27436919853568
396,1220,98.14646984787605
397,398,98.77085324326828
397,1657,114.89198163632521
397,1746,123.56729790044902
398,541,30.076966474219887
398,543,33.236079246776015
398,938,145.00009955044305
398,1520,38.17107294471934
399,575,255.01983202221837
399,1127,433.6790275073358
400,430,111.4370925510987
400,509,98.25067955119854
401,1063,67.7113206143976
401,1325,15.457594790269226
401,1352,96.95077371921936
402,403,238.71694471806683
402,1878,17.781834319742995
404,405,705.8148879887013
404,1174,12.001651439407057
404,1448,169.43129143117255
405,497,164.7790031176248
405,753,15.109553859111212
405,887,15.092235846768663
406,592,109.73423052543797
406,902,108.23465012098977
406,1218,108.92211471266758
407,408,58.74754603465276
407,864,135.11172222986792
407,1833,41.74670800726665
408,625,80.8130808179925
408,1833,95.88316046249312
409,410,26.176842599652623
410,793,37.80293756292844
410,1297,65.34422156415779
411,575,275.01347570925685
411,1773,120.76298763262744
413,778,80.67006410533406
413,860,46.13777667551597
414,977,50.296975987313566
414,1234,65.45136142848042
415,416,102.8211160072655
415,607,109.70004845316168
416,772,109.81015878638213
416,1171,109.69915733667825
416,1181,99.03995938605242
417,418,135.3005044865027
417,1113,45.89914567246105
419,420,128.36705333532677
419,517,24.743926229641797
419,563,79.49178271018795
420,706,99.55514991286432
420,1971,48.20387550235557
422,1091,56.72633766076458
422,1697,158.23781340737045
423,424,117.48441145207472
423,819,110.94527162075033
423,1351,183.5968750797842
425,426,76.4384155318246
426,1533,130.51207629720733
427,428,14.799784910927583
427,1288,63.14209980642265
427,1289,38.677278146111476
428,627,45.56344530651683
428,855,14.694125152723222
428,929,43.54444054523807
429,723,196.33949479709514
429,1592,130.65824792907011
430,431,321.1359938033452
430,1171,99.03855538882502
430,1181,109.69915714879471
431,943,334.9321366522045
431,1051,92.5924118605018
432,433,35.675405601634864
432,482,91.3783266938528
432,1722,35.675404066827184
434,835,209.70547303193206
434,1127,264.83793597155926
434,1222,393.60946729327657
435,436,119.49489852010522
435,724,175.71573896227042
435,1043,12.501858062615927
435,1783,214.08737753659733
436,1206,122.87978595485464
436,1229,66.69039327453572
437,438,20.219976254827063
438,464,47.229989267170986
438,1528,33.97440431235255
439,440,85.64844980146717
439,781,77.87278612281261
439,1396,465.33351635544125
440,730,73.16361035615873
440,1094,78.74367905535311
441,442,196.11115747622804
441,1009,83.16548796108047
442,927,248.8841533957143
443,444,228.72160766852798
443,702,103.74130484216246
444,575,433.4540964406987
444,1127,251.52461959125503
445,446,103.45919412178084
445,797,65.62775456533447
445,1001,110.543986175383
446,1119,91.49740521978596
446,1283,26.164290092468054
447,516,74.8265001604791
447,533,73.20627158853904
447,1006,295.7065493712923
448,1097,109.74232333643003
448,1786,109.73049034496964
449,450,41.52386308599851
450,729,361.5276628164989
450,1255,195.6968721069121
450,1675,90.04362540641354
452,453,88.3704288156473
452,685,180.89288661576714
452,1191,31.662450244504196
454,974,89.69900228111105
454,1315,140.66004182036735
455,456,132.28403021952192
455,1337,73.52652840951636
456,597,210.86356637354496
456,1380,219.42874324728047
457,514,166.5456654244802
457,1388,149.72022219649205
458,459,60.60072050153221
458,970,13.441643317270218
458,1310,12.057599164789028
458,1775,46.627471081879605
459,653,11.093144512736378
459,1775,71.9671566172351
460,1161,100.25709622727837
461,462,45.588664541565684
461,708,124.7256560030016
462,711,106.49016546202557
463,942,73.93186102019064
463,1825,341.98112352111957
464,576,48.68547260737731
464,605,52.37313259535439
465,1285,161.64673692365156
466,467,50.960884984712074
466,1122,143.2340640561219
466,1228,120.07718647309443
467,1913,135.2025187850926
468,469,60.51652946188314
468,647,358.076066510496
468,1639,49.22857138333062
469,650,57.82500306504545
469,1639,31.440020094985645
470,471,139.6756845400985
470,1916,109.98920540076944
471,1854,140.75792610468307
472,545,308.6103955715471
472,1051,73.58584094138763
473,1209,50.72839824951249
474,475,114.55348811572803
474,513,125.48576195119931
474,658,254.72923009886054
474,1678,187.30128710612996
475,1280,91.48679531246455
475,1542,243.63932878256588
476,709,50.938604357552705
477,478,58.0072603509839
477,1087,64.4823961794304
477,1486,27.369686810139903
478,535,45.125236759515694
478,978,53.049566248417534
479,480,154.2258941733453
479,1075,512.9149471549024
479,1278,291.8137404309306
481,732,126.79105156400756
482,792,197.1844026879824
482,1564,56.908275284972056
484,485,98.70294416884323
484,1542,300.1894558571958
484,1640,132.2313552343367
485,933,199.7449325049176
485,1039,126.84726547726379
485,1422,139.50623875664985
486,487,577.3928319771774
486,733,27.094280909591227
486,1194,227.74314194201324
487,1003,15.509626982915277
487,1091,168.31629314095824
487,1483,218.64488923388774
489,490,5.847686855894384
489,1211,187.07763690777878
490,1489,83.84734474555945
491,492,85.12373820351577
491,1522,108.79657289434869
492,1801,111.00513464069917
493,494,100.56419393510538
493,1098,92.92626865337337
494,686,92.46341288430882
494,789,142.73199936386803
494,1484,79.47315630329317
495,496,34.61174828618804
495,954,59.1372587781801
496,900,45.22633826687253
496,1072,357.06106331097027
496,1705,339.98957129083084
497,498,13.059211355256803
497,832,2731.897373648071
497,961,529.704671382824
498,886,90.49097795983067
498,1884,527.4972821014863
499,500,101.13301294742533
499,1949,140.5808037574805
500,1492,434.010764386845
501,597,116.26064073811895
501,1316,13.168230277850364
502,503,31.421366255827472
503,1086,36.41244406628293
503,1099,37.65237369132413
504,505,580.8852244525125
504,508,152.32722192431117
504,1056,378.91928395097534
505,1695,62.091507224995304
506,1272,33.46119012342044
507,508,452.97425873066317
507,1282,79.19049557855658
508,834,236.78215868737303
509,1171,109.69917587478542
510,511,391.13046985323984
510,840,112.8561848952209
510,1944,109.7629769168467
511,1406,319.9599803252035
512,1222,431.3189895887146
512,1446,152.859638661627
513,514,124.44315970510516
513,1152,281.796845150286
513,1212,93.894508455485
514,1212,215.64540103492436
515,516,148.08519608570734
515,1494,257.2070668714374
515,1583,394.56879743672243
516,956,211.52963399866826
517,518,48.40753673544184
517,983,205.46498170998723
518,1334,87.71503256052009
519,520,186.2257924959901
519,558,384.622463124896
519,1650,79.53519634610763
520,1129,164.15977196093493
521,522,57.313618280360984
521,909,423.393449388728
521,1200,142.09107907455407
522,1419,73.60582858807852
523,524,351.65556746170574
523,1272,42.26418537032374
524,1504,386.55860104853446
524,1552,514.6842896850734
525,526,94.59713213102313
525,1108,251.76551054999044
525,1264,223.31702594873818
526,959,78.60863563113304
527,528,18.463152699762603
527,1055,30.14901776966962
528,1054,35.28966328107906
528,1321,34.5543792548075
529,530,38.86659813256533
529,1762,57.088447439163545
529,1920,40.026170322812305
530,970,12.418500418241065
530,1310,13.908978351460554
530,1762,49.09731992463533
532,533,282.29984442771575
532,967,73.0622655215376
532,1006,73.1732721047983
533,617,73.08240592408097
534,535,46.60703406703108
534,955,37.65103797687567
535,1521,241.12533092342406
536,1512,38.440412646654465
536,1622,19.69004903320674
537,538,261.09440034616586
537,1791,65.29467018999337
538,836,530.7810201318684
539,540,88.17145059775898
539,793,53.727090572921064
539,1831,57.148942251212205
540,1381,37.520697974314906
540,1907,98.94323719675643
541,600,69.72454478876165
544,830,112.25729716374057
544,1677,122.34233393713654
545,562,68.00015226548066
546,547,138.46327249765505
546,634,557.2348507591524
546,1659,904.9135761933713
547,552,213.62314800324663
548,549,65.28972766313495
548,736,38.04471422364378
548,780,30.13785713285513
549,736,47.94510600750741
549,1033,100.49209101990495
550,551,43.72355852303098
550,896,52.06295760730312
551,957,12.084985242750284
551,1012,108.66221088272965
551,1394,141.22358244599764
552,634,225.59538912492013
552,913,127.25413382381431
553,554,58.01395069818106
554,746,133.23057466653376
554,973,186.56449585322153
555,640,83.41407639045656
555,1197,305.335397081711
556,557,100.81846954374106
556,1915,93.72584382632995
557,614,48.00385818342107
557,1915,152.1385605034276
558,1389,192.30528013845114
559,657,60.5327284387508
560,561,113.38844217632519
560,1606,31.517289635996843
562,563,9.714306908570306
562,1363,97.26107724313216
563,1051,301.79521704145463
564,1245,224.58517708131257
564,1842,152.23426738386914
565,566,582.6451324534651
565,827,355.86075136581985
565,1342,184.0719614313514
565,1779,11.513700832117065
566,763,158.63283477541356
566,928,18.41784410289107
566,1803,153.94286083403904
568,569,168.303650845657
568,816,119.35250196585412
568,1505,216.8095473855742
569,817,122.47564914674267
569,1034,97.07218500662117
569,1035,50.52062162758553
570,571,32.74520943239804
570,1600,189.2661492782948
571,1150,31.273288149438866
571,1895,33.827857130400155
572,573,158.65009600689436
572,917,76.74069022007033
572,1523,140.0260504171459
573,811,283.4992653361207
573,1059,197.008929749073
574,1261,174.44171118868763
574,1505,213.11138725277718
574,1676,109.61513041068874
575,729,416.81296083861133
576,610,55.86052165325243
576,896,143.49155422328874
577,578,610.2631793582709
577,616,20.98401409800758
578,728,69.63532565398765
578,835,37.28367558480999
579,580,29.608163827951035
579,1273,109.53599238328015
579,1558,113.92699452457913
581,934,121.58105866076832
581,1221,42.161591536012814
582,583,11.935974566931492
582,793,115.0574218124153
582,1579,338.82327153178835
582,1927,59.82704894667162
583,1263,339.19649682359926
583,1957,59.691886452453915
584,1695,573.0006460376582
585,586,110.10596327242732
585,872,109.6934358348573
585,1728,13.759404718304786
586,873,110.23951903045867
586,1183,179.5247644313835
587,1166,109.09864302172272
588,589,104.14982422805383
588,1024,93.89394082189601
588,1580,329.2281209562398
589,1469,179.26816473990738
590,591,83.76628472858232
590,1768,82.29683193993014
592,593,108.87710738856003
592,651,110.07379323703736
592,1219,109.6961755421452
593,922,109.90391162083499
593,1218,109.67285726118739
593,1372,103.95075271590873
594,595,139.32413881646912
595,879,221.30477015922298
595,1371,133.40343270757725
595,1490,964.9016878729743
596,597,58.35613443676042
598,897,58.449152892150494
598,1193,70.42438125149111
599,600,36.68324015856121
599,1838,73.32355853802584
600,657,36.52939642061958
600,1500,100.9911461771001
602,1065,31.40254459742182
603,604,12.35710237372598
603,1044,14.578675899808522
603,1135,200.89790411060085
604,1382,176.42342411823438
604,1783,14.758656660113882
605,1209,100.59133840740179
605,1811,143.5715031564829
606,607,109.88785438628223
606,1318,114.58669523056835
607,772,102.90967626894437
608,974,99.91059587202321
608,1098,99.90784925681177
609,610,148.14794524231792
609,826,148.25679238927555
609,1036,80.30625872192252
609,1811,120.23648415106639
610,957,141.85267332787365
610,1412,45.39299588957601
611,612,8.632283756881797
612,1478,20.99586848231427
612,1491,68.24992064306663
614,615,42.321318376097054
615,836,64.04890342885403
616,1874,82.70869197905107
617,633,93.01787391176181
617,967,268.9508635315551
618,619,9.027327699555194
618,1642,191.19865756708995
619,1679,196.03128711967918
619,1922,183.91628942442884
620,621,28.481777384636693
620,695,236.2302427686887
620,844,55.88742900724655
621,687,71.64535850416884
621,807,385.0480593943438
622,623,162.39686282482742
622,1078,51.66601253804712
623,930,154.64833205887462
624,625,89.13265429344577
624,1227,59.87740368789315
624,1366,62.9508163456835
625,1227,47.272171648575934
626,627,152.43091259994168
626,965,57.349534568921044
626,1020,11.283173166924467
626,1579,157.47725548437663
627,929,66.71764599602994
628,629,40.81265358320298
628,1451,39.27843130429702
628,1909,9.182280032662337
629,1256,31.718461741521722
630,631,16.36702291226282
630,636,152.45512077621177
630,787,13.411838400739034
631,1193,103.34243253173233
631,1470,13.330236820473708
632,633,298.487020141876
632,823,212.4574670708387
633,823,55.06526454727972
634,1158,232.65164247873236
635,636,122.93598750137627
635,917,150.37754415409515
635,1178,405.62524711939153
635,1580,13.983406785034283
637,638,79.48391396204583
637,847,30.003476137957165
637,1637,88.82359520061823
638,1449,54.47621503762722
638,1561,108.4323401525063
639,640,312.54331433420145
639,777,136.81787023468416
639,1771,87.88054128950772
640,1322,73.61123039052929
640,1678,305.548400841985
641,866,62.54225965564408
641,1180,86.2606228594046
642,643,106.75766361518448
642,651,109.10312884814248
642,1219,109.4238684213849
643,652,109.51192056822255
643,1745,110.45354946837654
644,645,42.38484309375568
644,1457,36.253286998669466
644,1953,83.45722082135578
645,1457,42.108413581230906
645,1817,34.17958118846676
646,790,114.02969869975058
646,1683,19.514788289794524
647,865,195.40271423256002
647,1459,65.22731928083915
648,993,6.944798778108222
649,650,140.3618878942443
650,754,231.4853911678874
650,1946,43.94124401217644
651,652,106.39857055579157
651,922,109.28632914749541
652,853,109.51293021222295
653,654,19.79112439519003
653,1239,865.6903930629321
654,1230,85.4454062505948
654,1310,54.724071977467105
655,656,22.981155669181984
655,1055,44.246510963223976
656,1248,259.563171168163
658,1211,9.373724494731304
658,1542,113.02402737717965
659,660,372.44744932862955
659,883,294.8526625963134
659,1119,72.53777152253339
660,883,216.0893249491349
660,906,136.38571428390986
661,1238,82.63952833721957
661,1335,68.17223259875708
661,1768,218.39513824798127
663,664,24.427025961580885
663,1181,85.27211480731461
664,772,99.04018183986861
665,897,215.02304816390514
666,667,70.80420898823965
666,1789,40.26161867812779
667,1560,580.2349634280628
668,669,27.606084865283208
668,1640,129.6910597933437
668,1652,186.97479928652044
669,1211,131.40644270380704
669,1923,33.75179608459433
670,671,84.85066925047886
670,672,135.70699288623572
670,878,108.37071355613223
672,1007,104.6301414404272
672,1064,107.69229998025003
673,674,82.38184976850744
673,1058,48.82474474375261
673,1708,109.29470651985945
674,744,17.98638393100254
674,916,111.15328120595467
675,676,46.592929157894595
677,678,508.6244971166363
677,919,83.08728667883007
677,1393,344.8689082512726
678,1829,103.27833554357998
679,680,47.19283862902638
679,695,72.50008851397298
679,789,82.8216007488809
679,1484,139.67669152267263
681,682,175.05311677224284
681,707,91.33941885570417
681,1781,174.84913003321398
682,1781,133.48540256450354
682,1866,84.83860069437446
683,1031,46.20781512121463
684,685,112.28208593935732
685,1076,184.5749821168762
686,687,53.97158457888465
686,1086,63.156356593959714
687,807,319.85540756285286
688,689,111.78807645542365
689,870,242.96125206198468
689,962,103.83603717037428
689,1475,154.9924168247095
690,691,11.140815406590823
690,929,110.25357540476396
692,693,225.477141646201
692,1017,9.670424518742346
692,1145,77.53997913414973
693,1376,241.77120840117084
693,1652,83.75960087062026
694,695,56.956583957078635
695,1210,76.45015177370948
696,697,26.181720687735677
696,1383,41.41370291520875
696,1653,25.60551399753041
697,952,4.9199546598719115
697,1178,23.426298814930576
697,1383,30.81492752760324
698,699,13.356319057515652
699,776,62.59444505477814
699,1185,56.610959643640506
700,701,157.34787073764866
700,738,114.32159427298382
700,847,312.17134112344894
700,1069,106.26848276876542
702,703,204.68959345053685
702,727,273.17800434270896
703,717,132.13279346028446
703,1912,109.0781499430241
704,705,320.90909188368687
704,1761,262.51118106514434
705,1271,332.19099261770657
705,1698,225.54395026590737
706,1334,42.63677983318574
706,1638,63.849929830063736
707,914,175.72179260933962
708,1661,72.93210657042233
709,1209,143.34784225252116
709,1277,143.45048053775741
709,1811,100.93420514800464
710,711,110.4906685172595
710,1687,44.10204459545741
711,1095,32.11201293700925
712,1234,330.6563438161356
712,1844,42.08104649595222
713,714,280.12288083746813
713,1001,440.94615220051287
713,1544,429.0012752746614
714,1379,31.9175833088162
715,716,276.30697607812243
715,874,73.35593778236252
716,1059,77.5049301814973
716,1328,76.35477526844382
718,1786,144.01919796696782
718,1810,227.85959415549203
719,720,233.45824402271768
719,753,71.98948479714329
719,1160,123.97933554148504
720,1174,396.34949742740895
721,722,40.69957365580263
721,805,99.13915338416268
722,1155,131.51275221651838
723,724,12.50150598058983
723,1043,175.76020660132824
723,1262,107.78128974492434
724,1476,81.33795244418567
725,726,105.13315704372376
725,731,16.293433707950058
725,1506,55.46454392844164
726,968,60.10020185317576
726,1506,70.11009772875528
727,728,34.73914158449828
729,1144,230.34792027972915
730,996,74.78875788961292
730,1093,276.8019038123748
731,1717,128.0062689560998
732,958,46.098259361396956
733,1374,44.48487691719212
734,735,69.41086889836745
734,998,111.62173372420119
734,1295,127.61260832719432
735,842,13.039027372803833
735,1295,83.07133038990301
735,1904,11.738820120974648
736,737,49.91324614897278
736,990,11.079444111196118
737,802,15.25011329359927
737,1313,104.52431257027406
739,740,39.22226034659368
739,1077,211.04117181569327
740,1311,232.11269319050461
741,742,12.015568973265026
741,1442,72.91876451398856
742,782,15.190958996475386
743,1240,100.59360524646227
744,745,231.68379832004533
744,1861,65.66264446242938
745,996,277.2373474771105
745,1093,75.83174098575759
746,747,386.57583496946717
746,901,136.61794967274017
747,784,457.0109107857424
748,749,115.74020741832084
748,1275,98.09538846914081
748,1731,29.10000766957524
749,1513,107.60017947705566
750,751,111.63916711817365
750,934,40.61071520072349
751,1221,47.335335069927815
752,1691,50.97799715274808
753,887,12.679943442709801
753,1160,83.99846894219536
754,1245,409.2416684099716
755,756,298.3889938995942
756,1287,309.5529468200574
757,873,109.23794507253442
758,759,135.7406483135744
758,1481,105.35728692942997
759,1749,75.56525128783056
760,766,47.79152980376287
760,1195,45.079310564241574
760,1863,41.534350053241624
761,762,50.3990690867839
761,1555,69.01811286923812
762,1112,198.384418899972
763,764,198.8507204283103
763,927,15.621323470569326
765,893,11.855197772601743
765,1426,142.84863214317946
765,1466,316.3737328931854
766,1195,71.77765933562961
766,1863,62.79978346305465
768,1534,46.73135291250866
769,770,540.8396553886488
769,1105,214.96621597975707
770,1327,496.72573749370457
770,1889,122.60497573732479
771,1180,46.753291612037785
771,1720,61.43668675913497
774,814,48.42887721057546
774,1650,29.414337596037626
775,776,33.714499011718964
775,1543,12.933441027075267
776,1633,12.168463415951297
779,780,121.09016075416336
779,1540,74.88640608733645
780,1045,72.7563556673361
780,1457,12.113723536996973
781,905,447.1883504799736
781,1906,11.120765390665214
782,783,40.660765836583764
783,1429,25.973734561804278
784,1559,120.4263849047501
785,786,169.93827551262848
785,1246,52.90836072235228
786,1696,24.279479992930135
787,788,95.74247979691478
787,1141,129.95737676486547
787,1470,16.805681499826058
788,1141,182.72417619413432
788,1580,180.51459917642944
789,790,144.15725733209533
790,1201,99.03686645802061
791,792,159.57540124470728
791,854,120.25940413093758
791,855,82.47313859471605
792,827,11.491489950583155
792,1779,355.903566421544
794,968,92.78805784659264
794,1450,166.2515309594614
795,796,76.94398374178427
795,1624,249.99807558827627
797,798,98.31223320684182
797,1001,53.92490413451959
798,1177,177.90024953658354
798,1853,236.83837226645636
799,800,22.329601611192302
800,888,77.60940566669231
800,1013,45.47572109057768
801,802,38.16918169891403
801,1101,11.580913257756032
801,1313,53.60260758469626
801,1807,23.77338645044798
802,1473,5.74216263738937
803,804,104.54946740289687
803,809,139.38473013453017
804,808,166.69930893418427
804,1809,96.01175221735363
805,806,56.40963303528174
805,1085,85.05751680097379
806,1054,50.53024925753326
807,1951,35.58824309851094
808,809,101.80129078182105
808,1637,82.28569578915287
809,1454,100.85598279127251
810,811,53.07473966842479
810,1109,103.67439823884922
812,813,85.43516887929604
812,1120,20.66565560565338
813,1588,79.67288133594414
813,1694,32.75614162336102
814,815,18.616408246076055
816,817,167.69353506647127
816,1135,107.54246048174566
816,1619,214.6839848300521
817,1367,192.58097401247016
817,1470,108.30040011994325
818,819,283.7253644775353
819,1447,144.78375275326928
819,1843,56.369154633047195
820,821,75.46826700023897
820,1584,54.278516752797586
820,1814,38.673827985767595
821,1003,78.96230160390411
824,959,270.758081261654
824,1137,160.3138213914838
824,1264,101.53581136163514
825,826,84.36896656185624
825,1811,143.22759001088394
827,828,181.16564808996546
831,1128,10.94145648550418
832,1682,20.03590038357902
833,1668,98.01617670512104
833,1871,121.96901110624542
834,1042,156.5911407889205
836,1651,13.27223676617358
837,838,193.04004056881448
837,1688,286.73824866090985
838,1199,557.1058120677399
838,1267,208.526271142015
839,840,160.45759601738166
839,1872,284.0415303878573
841,975,173.91726666311612
842,843,40.9983028836354
842,1450,56.70910140338522
842,1506,11.384832491754118
843,1450,80.20062410478042
845,846,148.57896113294652
845,1786,137.3541859011841
847,1847,18.564960413103766
847,1942,18.80344847825473
848,849,78.13091224551195
848,975,65.05244029485843
849,1213,109.77179563927466
849,1532,29.491317907046355
850,851,291.85629605745305
851,881,122.13460879102612
852,853,109.43999488176787
852,921,107.3057161552265
852,1305,34.78853954075205
853,922,106.56674472896718
854,855,71.41592525811103
854,1960,92.16259852168808
856,857,46.59447120744414
856,1118,60.87268495881406
857,1311,182.16505230741583
857,1733,47.130462096129655
859,1218,109.49840545466486
860,861,144.9617849207917
860,1142,315.43041262220765
862,863,68.48415486677757
862,1090,148.27386792524715
862,1897,120.33535078650327
863,1214,32.55822905334355
863,1835,74.61105437463992
864,865,72.66540621633784
864,1325,47.09691480787784
865,1325,46.20313727577671
866,1511,29.91435295938387
867,868,40.63858285321223
868,1704,76.55698990399685
868,1760,55.51925459382365
870,1525,119.59414015959416
870,1612,115.11902860548622
871,1254,82.30789439834292
872,873,110.48635334772821
872,1527,14.017728810674567
874,1328,290.762962188689
874,1523,75.69586144674282
875,876,46.181349466312525
875,1423,90.96587566358295
875,1547,133.6816216353121
876,1249,87.44828573819869
878,1064,135.44339752127627
879,880,441.47248223314193
879,1490,641.8416388466507
880,1712,16.82661903910348
881,1248,102.97684225185594
882,883,133.00094954080782
882,906,253.14223210497306
884,885,9.165050682328447
884,1150,239.6049296730789
884,1626,39.53702031395868
885,1235,28.185151152006192
885,1893,39.26611674750064
886,887,68.29075297278341
886,1806,119.16968409846889
887,1806,84.32831276022577
888,889,46.485826261504855
889,1013,69.06070315414607
890,891,157.8579320551724
890,1184,513.2670915579354
891,1781,86.80561620309405
891,1919,43.65427758656783
892,893,85.18440027264924
892,1246,123.43887843441046
893,938,155.80153496586985
893,993,310.2144284080736
894,895,88.94958901032928
894,1630,115.09371684729525
895,1496,158.08533074890548
896,957,92.90579821390308
896,1067,62.10085001734848
896,1500,142.7886599732333
898,899,226.6636277116461
898,1144,307.2308534174889
898,1309,126.54287849123189
901,1430,120.11540483138707
902,1219,108.61962206391057
903,918,108.6250404105233
904,1066,23.90001960306928
905,930,322.4811715855592
905,1396,78.6346880257876
905,1658,22.76170299302416
907,908,100.59023712868412
907,944,101.01891222852547
907,1345,107.76611857082548
908,1161,109.29902996044515
909,910,30.83762500798518
909,1378,15.432639948000345
909,1570,52.63950995715895
910,1570,65.94923596609742
910,1663,21.04655576023336
911,912,55.534453935488514
911,1058,336.089586367754
912,1143,42.32992752259095
912,1538,60.84038744967158
912,1848,87.93749584876426
914,1958,192.8472763793775
916,1136,88.37691245381203
917,918,127.89133872234646
918,1523,75.76196679917273
919,920,49.68411983210302
919,1674,71.559737676851
920,1184,12.748851343196874
920,1416,123.97370366162855
920,1674,60.77026003766606
921,922,109.55379904170596
921,1022,20.507503970332714
921,1260,93.445220692938
923,924,8.883490822378938
924,1337,179.417474392977
924,1924,5.730149931563016
925,926,22.337454386585694
925,1369,73.0271482740638
925,1734,7.911269210682085
926,1319,19.938905291086364
927,928,143.01573195520052
928,1597,163.69431351410776
930,931,28.089545296245063
932,933,126.89218909463213
932,1025,125.88140521008464
932,1039,198.66489166804507
932,1258,126.77985203647196
933,1421,136.161414889579
933,1828,125.27919785889542
934,1719,130.3650558470154
936,1538,60.43765327789814
936,1933,87.0452661439796
937,938,12.067828936241707
937,1426,9.052215175950263
937,1520,106.03383003596662
937,1752,106.44175904851866
938,1426,10.74750073652407
939,940,132.20626849827522
940,1397,107.55799087473632
940,1852,169.28027544918402
941,942,35.43083007981679
941,1553,130.77780376991075
943,944,120.0351060018763
943,1051,265.82525024063966
944,1194,107.47332312200366
946,947,154.6051475639586
946,1311,98.46582181488527
946,1972,155.26136094045262
948,949,76.47605254223004
948,984,249.75273526762558
948,1204,303.8230917501063
948,1456,116.22841219639356
950,951,68.61523087176573
950,1475,37.130037151918266
952,1178,23.16219074123336
952,1918,9.142805867351443
953,1010,106.02553649992855
955,956,98.31592889841092
955,1006,74.40132273683655
956,1583,71.51065040809492
957,1012,111.34786055000302
958,1425,88.30219423236659
959,1112,231.39035089971313
959,1595,169.12285097470988
960,1518,50.18994841348406
963,964,47.234322729577606
963,1649,38.782819400181104
965,966,111.74346743492342
965,1823,117.03526990891515
968,1717,85.20708583620073
969,970,37.42497508771818
969,1074,36.09151899746316
969,1845,64.57617521962496
970,1845,39.174405186759394
971,1664,8.40492894433894
972,973,140.51012035294949
975,976,28.984715273639956
977,1529,78.43905553711798
978,1521,242.47104597918647
979,980,36.02340771372921
979,1798,58.25158805508556
980,1192,66.87161858376591
980,1905,143.0371943748
981,982,7.973889170973311
981,1317,30.670013533822786
981,1647,89.67938877956135
982,1317,30.494500243143264
984,985,150.5343793237705
984,1204,180.58011090286428
986,987,11.74039583726191
986,1244,38.595346190276075
986,1442,89.66811422042453
987,1002,80.5252838947137
988,989,382.96398683511364
989,1713,110.0736217713615
990,991,26.66668787431762
991,1686,26.885236370148252
992,1745,11.881459955141718
992,1834,110.82166994470572
993,1438,117.95802240715707
993,1466,10.630902750457004
994,995,213.99633357003736
994,1202,65.6941517363274
995,1740,60.74367744140328
996,997,342.31810276298626
997,1078,80.0441515155059
997,1136,205.62720720077755
997,1396,82.46242760890817
998,1423,44.599798285220885
999,1000,12.511211011793677
1000,1654,651.5500691637022
1000,1944,631.5961813185284
1002,1003,149.23842351851061
1002,1413,26.158268265763272
1003,1092,168.6264759000718
1004,1005,49.07349250433473
1004,1631,54.09940862664631
1004,1737,53.899119984693854
1005,1047,53.89843388934429
1005,1738,53.89877810166808
1008,1300,34.23359630011442
1008,1514,99.02128450220934
1008,1660,33.45131709817109
1009,1541,271.26350034492714
1010,1011,110.86578888786498
1010,1253,9.093023394467767
1010,1466,134.42504873039104
1011,1219,110.8410835191969
1011,1437,132.58199599482268
1012,1455,141.60533069817498
1014,1015,368.7142743446777
1014,1188,268.44546937301527
1015,1187,189.68381546975493
1016,1017,182.13505079192134
1016,1052,107.16222494193735
1016,1164,110.39498406164408
1016,1421,106.663086808061
1017,1422,109.2996751177278
1018,1019,51.51663543992074
1019,1240,149.84284445599434
1020,1263,157.5016406221298
1020,1289,159.1069755317942
1021,1280,244.07151309923347
1021,1542,91.37395109936554
1022,1260,95.65729276771535
1022,1582,119.39049268620789
1023,1024,129.01613766942796
1023,1073,82.78157705996816
1023,1076,283.90110474790924
1026,1132,214.55668686703808
1027,1028,61.94976870496469
1027,1079,80.16398571536364
1027,1503,16.745315122349645
1028,1050,23.496952202810366
1028,1617,7.169129575835098
1028,1883,23.461925139239614
1029,1030,33.35665859251098
1029,1209,104.09282194047344
1030,1049,104.57359420403793
1030,1857,39.958781492583604
1031,1032,18.742940485608504
1032,1084,17.626908275515916
1032,1517,22.98489608964064
1034,1035,50.72205777645768
1034,1250,41.635902615319225
1035,1141,147.0712515318443
1036,1315,100.14077306565173
1036,1412,144.92433445894665
1037,1038,536.0386400553921
1037,1399,328.62677543602217
1037,1966,425.47932193290563
1038,1290,69.98272638049946
1039,1575,126.45838395656314
1040,1041,40.409465058383795
1042,1832,73.74094538191903
1042,1962,80.52485462293768
1043,1044,214.16938953545574
1043,1676,108.59744530752731
1044,1619,108.08475206686383
1044,1783,12.49176266110836
1045,1101,29.853692442247038
1045,1472,8.91602356166906
1046,1047,53.296698789021896
1046,1348,53.9591698497072
1046,1859,26.562560995565963
1047,1631,50.517045524578414
1048,1049,14.464706455898176
1048,1236,85.972944912733
1048,1693,384.9654161407858
1048,1756,54.146909890381565
1049,1468,374.6098864309249
1049,1620,86.39376676858416
1050,1503,35.17921079546492
1052,1053,58.93226717984954
1052,1106,110.16793893655296
1052,1537,175.62312020162932
1053,1376,176.58532867870503
1053,1730,108.08414302540785
1053,1785,110.23179636642557
1054,1055,51.4432483223671
1054,1084,45.249620434480846
1056,1357,46.866701434830574
1057,1157,5.640268729041437
1058,1149,20.375117561105146
1059,1388,51.12727338884477
1060,1061,81.64803480399044
1061,1338,94.3720124474444
1061,1363,245.8241973854238
1062,1063,87.61881502974683
1062,1459,144.33516618324393
1063,1352,130.55889890339378
1064,1439,80.20976056234485
1065,1066,37.02676528532091
1065,1614,17.105648041287434
1066,1355,13.001249361844065
1069,1373,106.59254835698593
1069,1397,239.7329074768674
1071,1072,153.93040233537735
1072,1351,225.76670687460586
1074,1075,476.75597603906937
1074,1762,20.430584727692924
1075,1519,246.38932520310084
1076,1189,82.9531665920407
1076,1445,118.28611692263286
1077,1138,355.44139742526954
1077,1661,461.9376432496331
1079,1480,6.212122896319693
1079,1512,14.70597593073942
1079,1634,38.56169488580274
1080,1081,50.46059601433255
1081,1870,350.19612526008126
1081,1881,50.60849249602185
1082,1083,82.38761604787891
1082,1681,274.81085228910206
1084,1085,23.335802273276023
1086,1098,38.12697399866411
1087,1769,26.085703297196083
1088,1089,144.22143014070457
1089,1205,91.9672280750966
1091,1092,15.14343281073878
1091,1380,389.6743002772671
1092,1443,78.61705226447857
1092,1729,397.895741706048
1094,1819,173.80492075051444
1095,1501,140.90229396954444
1096,1097,116.05785320875152
1096,1142,140.69657170785413
1096,1296,24.766597773583193
1099,1100,23.09353133898971
1099,1348,11.08920504673084
1102,1103,147.43033948092668
1103,1271,253.215740777891
1103,1585,372.3047859089924
1104,1105,270.1236712085205
1104,1358,318.20729535277786
1105,1958,347.5289263712912
1106,1107,14.791800034245805
1106,1164,107.69541345106737
1106,1785,58.28829748087745
1108,1264,117.26691964114681
1109,1383,349.41765953104664
1111,1112,106.95501721312489
1111,1180,103.21558216957776
1113,1114,87.42331416419758
1115,1116,36.41063279980491
1115,1236,400.20038302354124
1115,1755,376.0701700462779
1116,1202,250.26849144418816
1117,1229,66.00864533117827
1117,1292,143.21467644387107
1118,1290,115.79233460356592
1121,1390,294.79567795507126
1121,1596,207.4029023803514
1122,1921,385.6049209042842
1123,1124,154.03314423974192
1123,1444,75.23666568116944
1123,1779,112.2505626504175
1125,1126,35.84218572370171
1125,1569,34.4379417945377
1126,1552,415.718352406265
1128,1331,6.0079740595994355
1128,1644,14.248925158301319
1129,1936,12.52813224064094
1130,1131,90.84443895572798
1130,1190,66.0477560759085
1130,1467,159.92061423404473
1130,1887,106.82020217766174
1132,1133,75.62505861317533
1133,1425,42.66399712884288
1134,1294,29.843840892252647
1134,1416,38.53551743915784
1135,1367,31.875040618421384
1136,1861,110.28748938947633
1137,1159,79.0031961319836
1137,1254,14.790487382688948
1138,1205,248.79367628237335
1138,1917,256.8373235851869
1139,1140,34.58613488325729
1139,1745,74.63506748904035
1139,1839,28.18238305459085
1140,1409,31.285382680599547
1140,1568,10.803293910676972
1143,1494,25.073128965184996
1143,1723,33.2327518985163
1144,1255,366.2436722871459
1145,1537,20.285055570901584
1145,1959,90.73604322511888
1146,1147,87.82266539665277
1147,1224,78.55067967314258
1148,1149,88.2152072909075
1150,1808,41.379980133685564
1151,1152,145.14135531269733
1151,1182,66.39364937612959
1151,1796,69.5023435660399
1153,1154,39.57923493337314
1153,1689,496.3297950213008
1154,1875,1234.1236596352537
1155,1696,30.7191769027609
1156,1157,45.166322866913575
1156,1362,35.87884174850176
1156,1607,60.794725549161335
1157,1487,11.76456148702089
1157,1607,34.519205123231494
1158,1329,319.99752270981645
1158,1794,1201.2652159228664
1159,1350,90.12987571020173
1160,1198,26.835256509125223
1161,1345,100.16203156794319
1162,1163,120.57607004222598
1162,1966,141.50489657052208
1163,1703,121.55434485218697
1164,1165,105.14151789043555
1164,1312,14.361400305240917
1165,1421,110.50215412044643
1165,1880,14.705648205380598
1166,1834,109.1037618814242
1167,1168,18.163949975601486
1167,1445,29.24299296977746
1167,1469,39.454380839223674
1167,1636,22.31000195121628
1168,1250,19.72685212537748
1168,1469,45.416778926702264
1169,1170,401.3310362801683
1169,1371,320.3243984028501
1169,1815,170.80010043005367
1170,1288,133.63187887567506
1170,1344,83.31109384834092
1172,1173,26.557566988633383
1172,1671,121.34119961311359
1172,1753,37.62113423286313
1173,1716,26.850723957457024
1174,1553,40.651224806650895
1174,1947,130.56690437709355
1175,1176,92.98198260956686
1175,1594,48.183757184463516
1175,1626,25.1296309168946
1175,1672,47.92962991558855
1176,1599,70.14629167335492
1177,1273,10.013410584537995
1177,1558,13.637660777893226
1177,1853,98.84543293488943
1179,1601,23.546617208351293
1183,1224,111.29833403693891
1184,1465,110.27728938681517
1184,1888,794.3160900392727
1185,1186,10.335585576088768
1187,1188,281.3282392240144
1187,1947,11.375548971234231
1190,1191,161.4987802418212
1190,1505,158.96865998601334
1191,1467,60.73086682282316
1194,1345,100.71767713939364
1195,1196,41.61756963220035
1196,1689,448.7500656891957
1197,1489,82.21346292948725
1197,1678,92.96339137748389
1198,1806,26.756873257918784
1199,1200,39.28376755920271
1199,1777,124.1812446162525
1200,1688,1078.7324745433582
1201,1365,99.03636626946232
1202,1203,65.5789298349432
1203,1282,297.4209153883562
1207,1208,305.0284111039136
1207,1749,67.52030830141062
1208,1754,483.957675508536
1208,1822,174.2056435213878
1212,1460,70.19067956971143
1213,1670,219.06406397634387
1213,1778,92.55745874501947
1215,1216,72.64648162639678
1215,1274,102.616836586354
1216,1274,53.742301985479344
1216,1524,16.997695647962576
1217,1706,383.09199248213076
1220,1237,79.19650208386064
1222,1670,90.90932421086531
1222,1778,215.9087574895972
1223,1224,89.06495106089285
1223,1350,306.270512975584
1224,1750,172.73263953547993
1225,1226,110.23358622207553
1225,1846,77.63996727773073
1227,1325,17.473462688090194
1229,1382,191.6994841111321
1230,1310,43.95382374533213
1230,1920,37.40818261979947
1231,1232,238.50565333077
1231,1787,169.784409664983
1231,1930,244.88252841756363
1232,1613,62.5449930110381
1233,1730,111.45149730185167
1235,1642,7.94121876242248
1235,1934,22.70036678383957
1236,1314,68.41964978030197
1236,1620,13.774514612448586
1237,1238,218.27591890070434
1237,1768,80.74614190148937
1242,1243,6.308151052968126
1243,1956,14.44802668933752
1244,1413,16.5126102055016
1246,1247,122.7127220510709
1247,1281,27.080076530114255
1248,1441,472.41456808938545
1249,1547,11.80859736579433
1250,1636,18.2638620753316
1251,1252,31.309400108780626
1252,1348,26.562746636304187
1252,1631,29.93548606183779
1253,1285,152.11949759957653
1253,1434,62.08195457230854
1256,1644,45.80656387216019
1256,1747,19.93659946553926
1257,1258,127.2586856030838
1257,1291,88.52362019664609
1257,1299,198.88859407355767
1257,1821,126.33357779589318
1258,1575,199.26380987478447
1258,1867,125.69255491625451
1259,1536,125.24232076302617
1260,1372,12.768672527917621
1261,1262,104.74838499178355
1262,1676,177.18526631491838
1263,1490,300.59190190310585
1263,1579,12.54839674493063
1265,1266,183.62541220441943
1265,1269,107.8804127977694
1266,1884,69.57194286662757
1267,1268,159.32741139377924
1268,1303,36.428509678178116
1268,1461,22.613916798702036
1269,1366,15.813190407739736
1269,1446,149.68871093399488
1270,1271,258.6905663653119
1270,1360,261.6957430557055
1270,1761,708.1166260137775
1273,1324,536.8260375638785
1273,1558,12.514165163607311
1274,1332,71.7838263483082
1275,1276,10.869475172481028
1275,1500,156.02634131120232
1276,1513,114.91841084116442
1276,1752,89.84565316819031
1277,1405,100.63472591183037
1277,1660,40.01945171714385
1278,1533,561.24170527327
1278,1761,258.4111527530029
1279,1967,170.2567712610338
1283,1284,69.20454555904632
1283,1720,307.9189155358175
1284,1554,39.081064162298944
1285,1434,81.92805864241673
1288,1289,77.66733631290748
1291,1292,198.9145001941372
1291,1721,127.05516651985745
1292,1299,88.83440595079381
1292,1476,95.25092046750197
1293,1294,15.54946888491211
1293,1465,32.78560213082099
1293,1654,41.48754784371632
1293,1655,48.37975074832708
1294,1416,22.14670495570872
1294,1653,38.98883998419301
1295,1296,28.518473139943627
1296,1812,55.97915198184501
1298,1351,92.03279954285198
1298,1628,257.9429081648641
1299,1575,127.26845858764631
1301,1302,62.51890403681779
1301,1316,112.52470298818601
1303,1304,138.1581869708634
1303,1461,31.513186945886304
1304,1362,169.75512793217075
1304,1964,51.9577570367525
1305,1582,16.704042046158268
1306,1307,45.1168028189678
1306,1420,20.214158196594408
1306,1559,358.22249175853807
1308,1309,64.37841327080099
1308,1493,91.9674308373888
1308,1547,11.72444617781056
1309,1547,64.59653385481836
1314,1620,65.01488181997854
1314,1810,20.472659987222873
1315,1455,144.37531069485084
1316,1385,13.259163644831762
1317,1318,71.25276069910166
1319,1320,30.386308818433196
1321,1832,29.21659040194744
1322,1515,305.6415246959632
1323,1324,102.85486293176548
1323,1407,35.66532316645211
1324,1791,596.4958936419321
1326,1327,52.51652707968847
1326,1621,16.108986579661973
1326,1655,45.93646041656715
1326,1918,2.4313323856010065
1327,1965,140.58797319528574
1330,1331,62.119459243894916
1330,1510,153.82949607275606
1332,1387,71.02127483809063
1332,1877,72.7312528498594
1334,1611,80.74162444621038
1335,1375,247.13672764185603
1335,1652,236.7157879114145
1336,1373,239.69074863752195
1336,1397,105.35756817890925
1337,1338,223.27034146384202
1339,1498,220.58140393711255
1340,1341,120.64659391689909
1340,1389,110.23748870401306
1340,1914,40.109492361103534
1342,1779,184.61294466567944
1343,1344,68.6726808743602
1344,1815,312.3725150782038
1346,1776,39.96970180297858
1349,1350,120.39053700539131
1349,1750,130.3166859183904
1353,1354,68.3734172363308
1353,1739,42.235285771611586
1353,1800,114.27462466257666
1354,1510,61.658808679315996
1354,1645,122.07974202958675
1355,1568,15.97387774538742
1355,1647,15.329122498415604
1356,1485,51.61213515951199
1356,1905,108.02852714601714
1357,1970,50.655261152627325
1358,1379,24.787998778295357
1359,1360,130.22180653978089
1360,1920,430.3677218542326
1361,1765,473.8217244160007
1363,1364,76.05463716930521
1365,1455,100.59069137185806
1366,1718,48.5802171726755
1367,1470,135.00714253885494
1368,1369,36.63261786384484
1368,1893,32.19299472798729
1369,1714,16.703873621295315
1370,1371,143.074809686231
1370,1590,88.88723547990921
1370,1816,87.17867981057674
1371,1509,413.48515278476896
1371,1753,21.907729006025466
1372,1373,118.97135080312093
1373,1561,258.0731152204845
1374,1427,56.54813694006187
1374,1736,77.34141192200138
1375,1376,150.95218083284402
1376,1537,58.352784442757155
1377,1378,31.087951086254556
1377,1663,20.624376919185437
1377,1820,55.43901992922072
1378,1820,41.17554853455661
1378,1915,81.19172611083405
1382,1425,40.57758415221056
1385,1729,122.10628697721438
1387,1433,12.273101984367319
1387,1571,57.01726070488573
1388,1735,87.18612230493832
1389,1826,120.78133316629447
1391,1392,191.49154042620475
1391,1710,53.97931389784569
1392,1399,777.9499582216478
1392,1830,192.2005731383718
1393,1919,692.1842273866845
1394,1500,127.97319117655279
1399,1518,225.53654373649184
1400,1401,13.155072333104616
1401,1849,83.37916180709774
1402,1403,48.95039188608198
1402,1474,127.03257707092752
1402,1793,30.084361001515195
1403,1435,120.28367785691005
1403,1579,96.95687804382885
1404,1405,93.92544261585915
1405,1514,67.49209933319185
1406,1407,21.580225136758667
1407,1706,21.181646930223323
1408,1560,11.879476406604228
1408,1943,386.0481360262844
1409,1437,186.2959161558692
1409,1839,19.120156568121473
1411,1535,66.4720591320092
1412,1455,100.59115335517185
1414,1415,167.7044100885654
1414,1747,506.4652318458952
1417,1418,139.9150716266655
1417,1916,135.7598753235557
1418,1667,112.65857634691726
1419,1420,72.15866766929061
1421,1422,186.0177111664528
1422,1640,111.98384003375925
1426,1856,73.54026427918836
1427,1483,123.06158250554202
1428,1429,39.546546198491015
1431,1432,54.10901003669411
1431,1787,85.39198726979728
1432,1498,559.7619291979817
1433,1571,44.2507879717264
1433,1726,43.74219843666998
1435,1436,69.44258133985963
1435,1824,59.209434462916775
1437,1438,9.137904774567671
1437,1466,115.84159917670144
1440,1639,15.103632718865285
1440,1836,41.18927891508465
1440,1946,45.17194565490599
1441,1624,411.0009271643889
1444,1471,54.63693459108013
1444,1732,112.54927128013092
1445,1636,48.527439343634526
1446,1770,340.0913121771972
1448,1774,35.619885412378466
1451,1644,11.267399000722381
1452,1453,23.14959815794827
1452,1610,45.84833575370324
1453,1457,33.33875215767961
1453,1540,66.63651575443772
1454,1611,229.39243756874407
1454,1795,56.081362266965264
1457,1540,47.910699813402985
1458,1459,285.42176137199135
1458,1532,94.39700082597189
1458,1837,63.325079390546136
1461,1462,12.9936143133834
1461,1550,260.13239162283355
1462,1562,26.898592306513915
1462,1711,34.31517487384629
1462,1964,215.10153072825617
1463,1464,32.71399897454552
1463,1690,143.02861956857004
1465,1654,56.8203076364941
1468,1530,195.52167874677946
1471,1564,79.24428764266905
1471,1767,33.43480205806894
1472,1473,12.081004504579164
1478,1886,29.206920182882314
1480,1481,25.567439899591847
1481,1635,39.18766158106378
1482,1483,63.91559158142566
1482,1648,70.86428008596869
1482,1736,39.1440740739243
1483,1584,17.76998322814427
1483,1648,53.175406047434485
1485,1748,264.9609725976912
1487,1488,31.08851653686198
1487,1598,5.931778916290074
1488,1964,166.44707053866694
1491,1594,61.883188691440054
1492,1493,197.38258730899375
1495,1496,135.0543920084056
1497,1604,73.60602249009537
1497,1665,147.39016980441824
1497,1789,156.13486058775499
1498,1552,514.0764891635039
1499,1595,42.42017525897881
1501,1502,116.62091198689832
1502,1703,120.20819361782316
1503,1504,6.880127441333106
1503,1512,95.04600909443485
1505,1619,114.24735429264251
1506,1904,14.117961266390111
1507,1508,42.48827274887859
1507,1646,1240.1855124477534
1509,1510,13.877831358249566
1509,1565,214.4929131624783
1509,1627,156.32727567606926
1510,1645,83.98771976673163
1512,1546,5.853952296395132
1515,1678,71.89350328946645
1516,1668,189.0682477137028
1517,1740,52.45294468737317
1519,1533,74.21818013011787
1519,1572,395.55487173248787
1524,1555,65.02794589878444
1524,1603,52.0018356739686
1524,1877,58.9402679794054
1525,1526,136.94340714840783
1525,1593,150.58920469604294
1525,1780,3.3227705262700735
1530,1531,291.24402673807435
1530,1685,300.89994379088705
1532,1837,59.12320299176798
1535,1921,14.866932087797155
1538,1539,87.04628503563045
1544,1900,68.4108901807927
1545,1546,34.87015302613439
1545,1566,87.04439053573596
1545,1622,25.686026510495147
1548,1603,17.461427427860002
1550,1666,79.04809427993624
1553,1947,147.24108985405854
1554,1595,24.41021205789368
1555,1603,88.65159938975509
1555,1877,96.54173573138793
1556,1557,84.85938696088817
1558,1688,109.15878448794395
1559,1560,206.74502150622155
1560,1609,398.7280398430436
1561,1582,122.72733940324127
1562,1711,41.11032721128774
1563,1564,26.758570057872085
1566,1744,92.03404534982947
1567,1568,14.443085227996184
1568,1798,16.86559559563438
1570,1850,37.825909966120186
1571,1650,64.79588007193914
1571,1726,39.13042949481133
1573,1574,74.00118919582201
1573,1743,315.58325415657316
1577,1578,35.892810603210336
1577,1752,42.67395013362939
1577,1856,50.92769775967487
1580,1965,305.5594937346097
1582,1797,115.83000632909113
1584,1700,40.075029117078785
1584,1881,62.98982524897494
1585,1865,235.50113161721234
1586,1587,23.704918909607926
1588,1589,42.03589569443627
1590,1591,25.290406451964902
1590,1753,42.56728116538377
1591,1886,28.3704700402743
1593,1692,3.5414765067351817
1593,1772,118.40173844598942
1597,1935,17.32662218758119
1599,1600,34.761366124446866
1599,1626,17.805807347181926
1600,1626,22.444533614081166
1601,1602,44.01489491345643
1604,1776,51.56089080639763
1604,1864,215.40199580650633
1605,1645,520.084846405765
1605,1869,1001.8431387251414
1606,1894,168.26945356206997
1607,1608,10.884957314599436
1609,1610,125.49349438968774
1613,1851,112.22505337393697
1615,1771,155.88653466370974
1617,1868,42.04405068062299
1619,1676,214.94205156465654
1620,1822,322.421892817634
1621,1918,16.790797858608432
1621,1965,103.38811782309745
1627,1941,62.251600453782025
1629,1630,134.18635164631505
1630,1702,74.0371020048907
1634,1635,22.979231586164882
1637,1809,177.90735972341216
1639,1837,21.316620884160255
1642,1679,43.76408488811507
1644,1941,5.690754625131181
1648,1649,26.858195239572122
1654,1655,68.00487781432633
1656,1764,126.3165991497323
1656,1973,348.9036920800118
1659,1833,62.4123821152035
1668,1669,122.17567458042468
1671,1790,12.777179184608718
1672,1673,40.9395501212642
1672,1679,2.21192681428752
1673,1790,54.49020597538995
1680,1895,37.6214911676824
1680,1935,37.292416466611776
1682,1684,633.8875448474527
1687,1945,116.86682747842958
1693,1748,36.69548488359499
1699,1700,20.847932708596016
1699,1741,28.371607826044556
1700,1814,31.667819194921695
1709,1710,276.6646339285327
1709,1840,34.97211054020447
1711,1846,235.02768423343147
1712,1713,10.125768297437357
1714,1715,28.544256190686077
1714,1908,37.41956536135953
1715,1934,76.32261168733119
1716,1753,43.91214156847893
1716,1800,132.29820730919607
1724,1725,8.685780687967448
1725,1898,54.60527934243916
1725,1931,10.874999158452523
1726,1727,61.8605550705569
1727,1860,112.07061764825815
1727,1936,120.82382357686868
1733,1801,60.99794469841531
1734,1799,19.868711400849904
1734,1908,19.165532437790457
1737,1738,49.07349248851989
1739,1800,95.01685622443412
1739,1950,18.76674428404697
1740,1926,52.42499799152185
1741,1869,458.41982432347004
1743,1744,79.47910052019802
1743,1830,166.16139948389784
1752,1838,45.796264042161305
1752,1856,37.511177257409585
1753,1886,38.96774989796625
1754,1755,46.748017456501834
1757,1758,136.29247395861006
1759,1760,43.10179154181925
1763,1764,166.48290297575727
1763,1820,41.7843837440324
1765,1766,24.750655742198084
1766,1909,152.6914048714216
1774,1955,414.5359237880965
1775,1949,24.89526822813739
1784,1785,14.792979734558726
1787,1788,86.25613907738025
1788,1976,44.66485636093207
1791,1853,233.23470957408307
1799,1911,15.32965328865151
1802,1803,21.44458584353066
1802,1895,44.18103778689179
1804,1805,53.58536266606448
1804,1937,77.00155808944656
1807,1929,54.84241893600313
1807,1953,12.666655179925549
1812,1813,62.119435209872506
1812,1904,54.71673318126347
1813,1904,26.951573205363736
1815,1816,263.0081360557404
1817,1818,172.58960617085478
1817,1943,151.54285975423366
1818,1917,98.99843826405512
1829,1872,41.239883456012905
1830,1854,366.7207314707646
1836,1937,214.88861810344065
1836,1946,71.402965275045
1840,1961,69.36899878500945
1845,1949,34.90647801915742
1849,1879,36.51103766767676
1851,1945,81.36085280840618
1855,1879,73.19093770204505
1862,1863,470.6356939304411
1868,1882,36.984746304974315
1869,1870,488.9658559327492
1870,1967,62.738310843288644
1875,1876,42.771723109308745
1876,1903,637.1819361348079
1882,1883,8.292066746480877
1883,1928,23.632945870849625
1891,1892,3.5245867399118174
1898,1899,40.37789696906706
1900,1952,200.3591396007287
1901,1939,196.94819205513124
1910,1911,50.99465899814642
1910,1931,21.317307174079044
1922,1950,65.53787340662208
1928,1929,27.250788086482334
1932,1973,62.36949312976132
1939,1969,163.8139961976201
1961,1976,143.76289211292976
